Rain ,Temperature ,RH ,Dew Point,Wind Speed ,Gust Speed ,Wind Direction ,PLANTA,FRUTO,INCIDENCIA,SEVERIDAD
0,25.60,80.96,21.54,0.04,0.63,188.51,1,1,0,0
0,25.60,80.96,21.54,0.04,0.63,188.51,1,2,0,0
0,25.60,80.96,21.54,0.04,0.63,188.51,1,3,0,0
0,25.60,80.96,21.54,0.04,0.63,188.51,1,4,0,0
0,25.60,80.96,21.54,0.04,0.63,188.51,1,5,0,0
0,25.60,80.96,21.54,0.04,0.63,188.51,1,6,0,0
0,25.60,80.96,21.54,0.04,0.63,188.51,1,7,0,0
0,25.60,80.96,21.54,0.04,0.63,188.51,1,8,0,0
0,25.60,80.96,21.54,0.04,0.63,188.51,1,9,0,0
0,25.60,80.96,21.54,0.04,0.63,188.51,1,10,0,0
0,25.60,80.96,21.54,0.04,0.63,188.51,2,1,0,0
0,25.60,80.96,21.54,0.04,0.63,188.51,2,2,0,0
0,25.60,80.96,21.54,0.04,0.63,188.51,2,3,0,0
0,25.60,80.96,21.54,0.04,0.63,188.51,2,4,0,0
0,25.60,80.96,21.54,0.04,0.63,188.51,2,5,0,0
0,25.60,80.96,21.54,0.04,0.63,188.51,2,6,0,0
0,25.60,80.96,21.54,0.04,0.63,188.51,2,7,0,0
0,25.60,80.96,21.54,0.04,0.63,188.51,2,8,0,0
0,25.60,80.96,21.54,0.04,0.63,188.51,2,9,0,0
0,25.60,80.96,21.54,0.04,0.63,188.51,2,10,0,0
0,25.60,80.96,21.54,0.04,0.63,188.51,3,1,0,0
0,25.60,80.96,21.54,0.04,0.63,188.51,3,2,0,0
0,25.60,80.96,21.54,0.04,0.63,188.51,3,3,0,0
0,25.60,80.96,21.54,0.04,0.63,188.51,3,4,0,0
0,25.60,80.96,21.54,0.04,0.63,188.51,3,5,0,0
0,25.60,80.96,21.54,0.04,0.63,188.51,3,6,0,0
0,25.60,80.96,21.54,0.04,0.63,188.51,3,7,0,0
0,25.60,80.96,21.54,0.04,0.63,188.51,3,8,0,0
0,25.60,80.96,21.54,0.04,0.63,188.51,3,9,0,0
0,25.60,80.96,21.54,0.04,0.63,188.51,3,10,0,0
0,25.60,80.96,21.54,0.04,0.63,188.51,4,1,0,0
0,25.60,80.96,21.54,0.04,0.63,188.51,4,2,0,0
0,25.60,80.96,21.54,0.04,0.63,188.51,4,3,0,0
0,25.60,80.96,21.54,0.04,0.63,188.51,4,4,0,0
0,25.60,80.96,21.54,0.04,0.63,188.51,4,5,0,0
0,25.60,80.96,21.54,0.04,0.63,188.51,4,6,0,0
0,25.60,80.96,21.54,0.04,0.63,188.51,4,7,0,0
0,25.60,80.96,21.54,0.04,0.63,188.51,4,8,0,0
0,25.60,80.96,21.54,0.04,0.63,188.51,4,9,0,0
0,25.60,80.96,21.54,0.04,0.63,188.51,4,10,0,0
0,25.60,80.96,21.54,0.04,0.63,188.51,5,1,0,0
0,25.60,80.96,21.54,0.04,0.63,188.51,5,2,0,0
0,25.60,80.96,21.54,0.04,0.63,188.51,5,3,0,0
0,25.60,80.96,21.54,0.04,0.63,188.51,5,4,0,0
0,25.60,80.96,21.54,0.04,0.63,188.51,5,5,0,0
0,25.60,80.96,21.54,0.04,0.63,188.51,5,6,0,0
0,25.60,80.96,21.54,0.04,0.63,188.51,5,7,0,0
0,25.60,80.96,21.54,0.04,0.63,188.51,5,8,0,0
0,25.60,80.96,21.54,0.04,0.63,188.51,5,9,0,0
0,25.60,80.96,21.54,0.04,0.63,188.51,5,10,0,0
0,25.60,80.96,21.54,0.04,0.63,188.51,6,1,0,0
0,25.60,80.96,21.54,0.04,0.63,188.51,6,2,0,0
0,25.60,80.96,21.54,0.04,0.63,188.51,6,3,0,0
0,25.60,80.96,21.54,0.04,0.63,188.51,6,4,0,0
0,25.60,80.96,21.54,0.04,0.63,188.51,6,5,0,0
0,25.60,80.96,21.54,0.04,0.63,188.51,6,6,0,0
0,25.60,80.96,21.54,0.04,0.63,188.51,6,7,0,0
0,25.60,80.96,21.54,0.04,0.63,188.51,6,8,0,0
0,25.60,80.96,21.54,0.04,0.63,188.51,6,9,0,0
0,25.60,80.96,21.54,0.04,0.63,188.51,6,10,0,0
0,25.60,80.96,21.54,0.04,0.63,188.51,7,1,0,0
0,25.60,80.96,21.54,0.04,0.63,188.51,7,2,0,0
0,25.60,80.96,21.54,0.04,0.63,188.51,7,3,0,0
0,25.60,80.96,21.54,0.04,0.63,188.51,7,4,0,0
0,25.60,80.96,21.54,0.04,0.63,188.51,7,5,0,0
0,25.60,80.96,21.54,0.04,0.63,188.51,7,6,0,0
0,25.60,80.96,21.54,0.04,0.63,188.51,7,7,0,0
0,25.60,80.96,21.54,0.04,0.63,188.51,7,8,0,0
0,25.60,80.96,21.54,0.04,0.63,188.51,7,9,0,0
0,25.60,80.96,21.54,0.04,0.63,188.51,7,10,0,0
0,25.60,80.96,21.54,0.04,0.63,188.51,8,1,0,0
0,25.60,80.96,21.54,0.04,0.63,188.51,8,2,0,0
0,25.60,80.96,21.54,0.04,0.63,188.51,8,3,0,0
0,25.60,80.96,21.54,0.04,0.63,188.51,8,4,0,0
0,25.60,80.96,21.54,0.04,0.63,188.51,8,5,0,0
0,25.60,80.96,21.54,0.04,0.63,188.51,8,6,0,0
0,25.60,80.96,21.54,0.04,0.63,188.51,8,7,0,0
0,25.60,80.96,21.54,0.04,0.63,188.51,8,8,0,0
0,25.60,80.96,21.54,0.04,0.63,188.51,8,9,0,0
0,25.60,80.96,21.54,0.04,0.63,188.51,8,10,0,0
0,25.60,80.96,21.54,0.04,0.63,188.51,9,1,0,0
0,25.60,80.96,21.54,0.04,0.63,188.51,9,2,0,0
0,25.60,80.96,21.54,0.04,0.63,188.51,9,3,0,0
0,25.60,80.96,21.54,0.04,0.63,188.51,9,4,0,0
0,25.60,80.96,21.54,0.04,0.63,188.51,9,5,0,0
0,25.60,80.96,21.54,0.04,0.63,188.51,9,6,0,0
0,25.60,80.96,21.54,0.04,0.63,188.51,9,7,0,0
0,25.60,80.96,21.54,0.04,0.63,188.51,9,8,0,0
0,25.60,80.96,21.54,0.04,0.63,188.51,9,9,0,0
0,25.60,80.96,21.54,0.04,0.63,188.51,9,10,0,0
0,25.60,80.96,21.54,0.04,0.63,188.51,10,1,0,0
0,25.60,80.96,21.54,0.04,0.63,188.51,10,2,0,0
0,25.60,80.96,21.54,0.04,0.63,188.51,10,3,0,0
0,25.60,80.96,21.54,0.04,0.63,188.51,10,4,0,0
0,25.60,80.96,21.54,0.04,0.63,188.51,10,5,0,0
0,25.60,80.96,21.54,0.04,0.63,188.51,10,6,0,0
0,25.60,80.96,21.54,0.04,0.63,188.51,10,7,0,0
0,25.60,80.96,21.54,0.04,0.63,188.51,10,8,0,0
0,25.60,80.96,21.54,0.04,0.63,188.51,10,9,0,0
0,25.60,80.96,21.54,0.04,0.63,188.51,10,10,0,0
0,25.60,80.96,21.54,0.04,0.63,188.51,1,1,0,0
0,25.60,80.96,21.54,0.04,0.63,188.51,1,2,0,0
0,25.60,80.96,21.54,0.04,0.63,188.51,1,3,0,0
0,25.60,80.96,21.54,0.04,0.63,188.51,1,4,0,0
0,25.60,80.96,21.54,0.04,0.63,188.51,1,5,0,0
0,25.60,80.96,21.54,0.04,0.63,188.51,1,6,0,0
0,25.60,80.96,21.54,0.04,0.63,188.51,1,7,0,0
0,25.60,80.96,21.54,0.04,0.63,188.51,1,8,0,0
0,25.60,80.96,21.54,0.04,0.63,188.51,1,9,0,0
0,25.60,80.96,21.54,0.04,0.63,188.51,1,10,0,0
0,25.60,80.96,21.54,0.04,0.63,188.51,2,1,0,0
0,25.60,80.96,21.54,0.04,0.63,188.51,2,2,1,45
0,25.60,80.96,21.54,0.04,0.63,188.51,2,3,0,0
0,25.60,80.96,21.54,0.04,0.63,188.51,2,4,0,0
0,25.60,80.96,21.54,0.04,0.63,188.51,2,5,1,40
0,25.60,80.96,21.54,0.04,0.63,188.51,2,6,1,75
0,25.60,80.96,21.54,0.04,0.63,188.51,2,7,0,0
0,25.60,80.96,21.54,0.04,0.63,188.51,2,8,0,0
0,25.60,80.96,21.54,0.04,0.63,188.51,2,9,0,0
0,25.60,80.96,21.54,0.04,0.63,188.51,2,10,0,0
0,25.60,80.96,21.54,0.04,0.63,188.51,3,1,0,0
0,25.60,80.96,21.54,0.04,0.63,188.51,3,2,0,0
0,25.60,80.96,21.54,0.04,0.63,188.51,3,3,0,0
0,25.60,80.96,21.54,0.04,0.63,188.51,3,4,0,0
0,25.60,80.96,21.54,0.04,0.63,188.51,3,5,0,0
0,25.60,80.96,21.54,0.04,0.63,188.51,3,6,0,0
0,25.60,80.96,21.54,0.04,0.63,188.51,3,7,0,0
0,25.60,80.96,21.54,0.04,0.63,188.51,3,8,0,0
0,25.60,80.96,21.54,0.04,0.63,188.51,3,9,1,70
0,25.60,80.96,21.54,0.04,0.63,188.51,3,10,0,0
0,25.60,80.96,21.54,0.04,0.63,188.51,4,1,0,0
0,25.60,80.96,21.54,0.04,0.63,188.51,4,2,0,0
0,25.60,80.96,21.54,0.04,0.63,188.51,4,3,0,0
0,25.60,80.96,21.54,0.04,0.63,188.51,4,4,0,0
0,25.60,80.96,21.54,0.04,0.63,188.51,4,5,1,70
0,25.60,80.96,21.54,0.04,0.63,188.51,4,6,0,0
0,25.60,80.96,21.54,0.04,0.63,188.51,4,7,0,0
0,25.60,80.96,21.54,0.04,0.63,188.51,4,8,0,0
0,25.60,80.96,21.54,0.04,0.63,188.51,4,9,0,0
0,25.60,80.96,21.54,0.04,0.63,188.51,4,10,0,0
0,25.60,80.96,21.54,0.04,0.63,188.51,5,1,0,0
0,25.60,80.96,21.54,0.04,0.63,188.51,5,2,0,0
0,25.60,80.96,21.54,0.04,0.63,188.51,5,3,1,40
0,25.60,80.96,21.54,0.04,0.63,188.51,5,4,0,0
0,25.60,80.96,21.54,0.04,0.63,188.51,5,5,0,0
0,25.60,80.96,21.54,0.04,0.63,188.51,5,6,0,0
0,25.60,80.96,21.54,0.04,0.63,188.51,5,7,1,60
0,25.60,80.96,21.54,0.04,0.63,188.51,5,8,0,0
0,25.60,80.96,21.54,0.04,0.63,188.51,5,9,1,70
0,25.60,80.96,21.54,0.04,0.63,188.51,5,10,0,0
0,25.60,80.96,21.54,0.04,0.63,188.51,6,1,0,0
0,25.60,80.96,21.54,0.04,0.63,188.51,6,2,0,0
0,25.60,80.96,21.54,0.04,0.63,188.51,6,3,0,0
0,25.60,80.96,21.54,0.04,0.63,188.51,6,4,0,0
0,25.60,80.96,21.54,0.04,0.63,188.51,6,5,0,0
0,25.60,80.96,21.54,0.04,0.63,188.51,6,6,0,0
0,25.60,80.96,21.54,0.04,0.63,188.51,6,7,0,0
0,25.60,80.96,21.54,0.04,0.63,188.51,6,8,0,0
0,25.60,80.96,21.54,0.04,0.63,188.51,6,9,1,40
0,25.60,80.96,21.54,0.04,0.63,188.51,6,10,1,30
0,25.60,80.96,21.54,0.04,0.63,188.51,7,1,0,0
0,25.60,80.96,21.54,0.04,0.63,188.51,7,2,0,0
0,25.60,80.96,21.54,0.04,0.63,188.51,7,3,0,0
0,25.60,80.96,21.54,0.04,0.63,188.51,7,4,0,0
0,25.60,80.96,21.54,0.04,0.63,188.51,7,5,0,0
0,25.60,80.96,21.54,0.04,0.63,188.51,7,6,0,0
0,25.60,80.96,21.54,0.04,0.63,188.51,7,7,0,0
0,25.60,80.96,21.54,0.04,0.63,188.51,7,8,0,0
0,25.60,80.96,21.54,0.04,0.63,188.51,7,9,0,0
0,25.60,80.96,21.54,0.04,0.63,188.51,7,10,0,0
0,25.60,80.96,21.54,0.04,0.63,188.51,8,1,0,0
0,25.60,80.96,21.54,0.04,0.63,188.51,8,2,0,0
0,25.60,80.96,21.54,0.04,0.63,188.51,8,3,1,50
0,25.60,80.96,21.54,0.04,0.63,188.51,8,4,0,0
0,25.60,80.96,21.54,0.04,0.63,188.51,8,5,0,0
0,25.60,80.96,21.54,0.04,0.63,188.51,8,6,0,0
0,25.60,80.96,21.54,0.04,0.63,188.51,8,7,0,0
0,25.60,80.96,21.54,0.04,0.63,188.51,8,8,0,0
0,25.60,80.96,21.54,0.04,0.63,188.51,8,9,0,0
0,25.60,80.96,21.54,0.04,0.63,188.51,8,10,0,0
0,25.60,80.96,21.54,0.04,0.63,188.51,9,1,0,0
0,25.60,80.96,21.54,0.04,0.63,188.51,9,2,0,0
0,25.60,80.96,21.54,0.04,0.63,188.51,9,3,0,0
0,25.60,80.96,21.54,0.04,0.63,188.51,9,4,0,0
0,25.60,80.96,21.54,0.04,0.63,188.51,9,5,0,0
0,25.60,80.96,21.54,0.04,0.63,188.51,9,6,0,0
0,25.60,80.96,21.54,0.04,0.63,188.51,9,7,0,0
0,25.60,80.96,21.54,0.04,0.63,188.51,9,8,0,0
0,25.60,80.96,21.54,0.04,0.63,188.51,9,9,1,40
0,25.60,80.96,21.54,0.04,0.63,188.51,9,10,0,0
0,25.60,80.96,21.54,0.04,0.63,188.51,10,1,0,0
0,25.60,80.96,21.54,0.04,0.63,188.51,10,2,0,0
0,25.60,80.96,21.54,0.04,0.63,188.51,10,3,0,0
0,25.60,80.96,21.54,0.04,0.63,188.51,10,4,0,0
0,25.60,80.96,21.54,0.04,0.63,188.51,10,5,0,0
0,25.60,80.96,21.54,0.04,0.63,188.51,10,6,0,0
0,25.60,80.96,21.54,0.04,0.63,188.51,10,7,0,0
0,25.60,80.96,21.54,0.04,0.63,188.51,10,8,1,65
0,25.60,80.96,21.54,0.04,0.63,188.51,10,9,0,0
0,25.60,80.96,21.54,0.04,0.63,188.51,10,10,0,0
0,23.69,79.29,19.08,0.19,0.91,165.17,1,1,0,0
0,23.69,79.29,19.08,0.19,0.91,165.17,1,2,0,0
0,23.69,79.29,19.08,0.19,0.91,165.17,1,3,1,10
0,23.69,79.29,19.08,0.19,0.91,165.17,1,4,0,0
0,23.69,79.29,19.08,0.19,0.91,165.17,1,5,0,0
0,23.69,79.29,19.08,0.19,0.91,165.17,1,6,0,0
0,23.69,79.29,19.08,0.19,0.91,165.17,1,7,0,0
0,23.69,79.29,19.08,0.19,0.91,165.17,1,8,0,0
0,23.69,79.29,19.08,0.19,0.91,165.17,1,9,1,90
0,23.69,79.29,19.08,0.19,0.91,165.17,1,10,0,0
0,23.69,79.29,19.08,0.19,0.91,165.17,2,1,0,0
0,23.69,79.29,19.08,0.19,0.91,165.17,2,2,0,0
0,23.69,79.29,19.08,0.19,0.91,165.17,2,3,0,0
0,23.69,79.29,19.08,0.19,0.91,165.17,2,4,1,100
0,23.69,79.29,19.08,0.19,0.91,165.17,2,5,0,0
0,23.69,79.29,19.08,0.19,0.91,165.17,2,6,1,80
0,23.69,79.29,19.08,0.19,0.91,165.17,2,7,1,100
0,23.69,79.29,19.08,0.19,0.91,165.17,2,8,0,0
0,23.69,79.29,19.08,0.19,0.91,165.17,2,9,0,0
0,23.69,79.29,19.08,0.19,0.91,165.17,2,10,0,0
0,23.69,79.29,19.08,0.19,0.91,165.17,3,1,0,0
0,23.69,79.29,19.08,0.19,0.91,165.17,3,2,0,0
0,23.69,79.29,19.08,0.19,0.91,165.17,3,3,0,0
0,23.69,79.29,19.08,0.19,0.91,165.17,3,4,0,0
0,23.69,79.29,19.08,0.19,0.91,165.17,3,5,0,0
0,23.69,79.29,19.08,0.19,0.91,165.17,3,6,0,0
0,23.69,79.29,19.08,0.19,0.91,165.17,3,7,1,50
0,23.69,79.29,19.08,0.19,0.91,165.17,3,8,0,0
0,23.69,79.29,19.08,0.19,0.91,165.17,3,9,0,0
0,23.69,79.29,19.08,0.19,0.91,165.17,3,10,1,100
0,23.69,79.29,19.08,0.19,0.91,165.17,4,1,0,0
0,23.69,79.29,19.08,0.19,0.91,165.17,4,2,0,0
0,23.69,79.29,19.08,0.19,0.91,165.17,4,3,0,0
0,23.69,79.29,19.08,0.19,0.91,165.17,4,4,0,0
0,23.69,79.29,19.08,0.19,0.91,165.17,4,5,1,80
0,23.69,79.29,19.08,0.19,0.91,165.17,4,6,0,0
0,23.69,79.29,19.08,0.19,0.91,165.17,4,7,0,0
0,23.69,79.29,19.08,0.19,0.91,165.17,4,8,0,0
0,23.69,79.29,19.08,0.19,0.91,165.17,4,9,0,0
0,23.69,79.29,19.08,0.19,0.91,165.17,4,10,1,100
0,23.69,79.29,19.08,0.19,0.91,165.17,5,1,0,0
0,23.69,79.29,19.08,0.19,0.91,165.17,5,2,0,0
0,23.69,79.29,19.08,0.19,0.91,165.17,5,3,0,0
0,23.69,79.29,19.08,0.19,0.91,165.17,5,4,0,0
0,23.69,79.29,19.08,0.19,0.91,165.17,5,5,1,80
0,23.69,79.29,19.08,0.19,0.91,165.17,5,6,0,0
0,23.69,79.29,19.08,0.19,0.91,165.17,5,7,0,0
0,23.69,79.29,19.08,0.19,0.91,165.17,5,8,0,0
0,23.69,79.29,19.08,0.19,0.91,165.17,5,9,0,0
0,23.69,79.29,19.08,0.19,0.91,165.17,5,10,0,0
0,23.69,79.29,19.08,0.19,0.91,165.17,6,1,0,0
0,23.69,79.29,19.08,0.19,0.91,165.17,6,2,0,0
0,23.69,79.29,19.08,0.19,0.91,165.17,6,3,0,0
0,23.69,79.29,19.08,0.19,0.91,165.17,6,4,0,0
0,23.69,79.29,19.08,0.19,0.91,165.17,6,5,0,0
0,23.69,79.29,19.08,0.19,0.91,165.17,6,6,0,0
0,23.69,79.29,19.08,0.19,0.91,165.17,6,7,0,0
0,23.69,79.29,19.08,0.19,0.91,165.17,6,8,0,0
0,23.69,79.29,19.08,0.19,0.91,165.17,6,9,0,0
0,23.69,79.29,19.08,0.19,0.91,165.17,6,10,0,0
0,23.69,79.29,19.08,0.19,0.91,165.17,7,1,0,0
0,23.69,79.29,19.08,0.19,0.91,165.17,7,2,0,0
0,23.69,79.29,19.08,0.19,0.91,165.17,7,3,0,0
0,23.69,79.29,19.08,0.19,0.91,165.17,7,4,0,0
0,23.69,79.29,19.08,0.19,0.91,165.17,7,5,0,0
0,23.69,79.29,19.08,0.19,0.91,165.17,7,6,0,0
0,23.69,79.29,19.08,0.19,0.91,165.17,7,7,0,0
0,23.69,79.29,19.08,0.19,0.91,165.17,7,8,0,0
0,23.69,79.29,19.08,0.19,0.91,165.17,7,9,0,0
0,23.69,79.29,19.08,0.19,0.91,165.17,7,10,0,0
0,23.69,79.29,19.08,0.19,0.91,165.17,8,1,0,0
0,23.69,79.29,19.08,0.19,0.91,165.17,8,2,0,0
0,23.69,79.29,19.08,0.19,0.91,165.17,8,3,0,0
0,23.69,79.29,19.08,0.19,0.91,165.17,8,4,0,0
0,23.69,79.29,19.08,0.19,0.91,165.17,8,5,0,0
0,23.69,79.29,19.08,0.19,0.91,165.17,8,6,0,0
0,23.69,79.29,19.08,0.19,0.91,165.17,8,7,0,0
0,23.69,79.29,19.08,0.19,0.91,165.17,8,8,0,0
0,23.69,79.29,19.08,0.19,0.91,165.17,8,9,0,0
0,23.69,79.29,19.08,0.19,0.91,165.17,8,10,0,0
0,23.69,79.29,19.08,0.19,0.91,165.17,9,1,0,0
0,23.69,79.29,19.08,0.19,0.91,165.17,9,2,0,0
0,23.69,79.29,19.08,0.19,0.91,165.17,9,3,0,0
0,23.69,79.29,19.08,0.19,0.91,165.17,9,4,1,100
0,23.69,79.29,19.08,0.19,0.91,165.17,9,5,0,0
0,23.69,79.29,19.08,0.19,0.91,165.17,9,6,1,75
0,23.69,79.29,19.08,0.19,0.91,165.17,9,7,1,30
0,23.69,79.29,19.08,0.19,0.91,165.17,9,8,1,100
0,23.69,79.29,19.08,0.19,0.91,165.17,9,9,0,0
0,23.69,79.29,19.08,0.19,0.91,165.17,9,10,0,0
0,23.69,79.29,19.08,0.19,0.91,165.17,10,1,0,0
0,23.69,79.29,19.08,0.19,0.91,165.17,10,2,0,0
0,23.69,79.29,19.08,0.19,0.91,165.17,10,3,0,0
0,23.69,79.29,19.08,0.19,0.91,165.17,10,4,0,0
0,23.69,79.29,19.08,0.19,0.91,165.17,10,5,0,0
0,23.69,79.29,19.08,0.19,0.91,165.17,10,6,0,0
0,23.69,79.29,19.08,0.19,0.91,165.17,10,7,0,0
0,23.69,79.29,19.08,0.19,0.91,165.17,10,8,0,0
0,23.69,79.29,19.08,0.19,0.91,165.17,10,9,0,0
0,23.69,79.29,19.08,0.19,0.91,165.17,10,10,0,0
0.01,23.09,89.45,21.07,0.08,0.88,207.05,1,1,0,0
0.01,23.09,89.45,21.07,0.08,0.88,207.05,1,2,0,0
0.01,23.09,89.45,21.07,0.08,0.88,207.05,1,3,0,0
0.01,23.09,89.45,21.07,0.08,0.88,207.05,1,4,0,0
0.01,23.09,89.45,21.07,0.08,0.88,207.05,1,5,0,0
0.01,23.09,89.45,21.07,0.08,0.88,207.05,1,6,0,0
0.01,23.09,89.45,21.07,0.08,0.88,207.05,1,7,0,0
0.01,23.09,89.45,21.07,0.08,0.88,207.05,1,8,0,0
0.01,23.09,89.45,21.07,0.08,0.88,207.05,1,9,0,0
0.01,23.09,89.45,21.07,0.08,0.88,207.05,1,10,1,100
0.01,23.09,89.45,21.07,0.08,0.88,207.05,2,1,0,0
0.01,23.09,89.45,21.07,0.08,0.88,207.05,2,2,1,80
0.01,23.09,89.45,21.07,0.08,0.88,207.05,2,3,0,0
0.01,23.09,89.45,21.07,0.08,0.88,207.05,2,4,0,0
0.01,23.09,89.45,21.07,0.08,0.88,207.05,2,5,1,80
0.01,23.09,89.45,21.07,0.08,0.88,207.05,2,6,1,80
0.01,23.09,89.45,21.07,0.08,0.88,207.05,2,7,0,0
0.01,23.09,89.45,21.07,0.08,0.88,207.05,2,8,0,0
0.01,23.09,89.45,21.07,0.08,0.88,207.05,2,9,0,0
0.01,23.09,89.45,21.07,0.08,0.88,207.05,2,10,0,0
0.01,23.09,89.45,21.07,0.08,0.88,207.05,3,1,0,0
0.01,23.09,89.45,21.07,0.08,0.88,207.05,3,2,0,0
0.01,23.09,89.45,21.07,0.08,0.88,207.05,3,3,0,0
0.01,23.09,89.45,21.07,0.08,0.88,207.05,3,4,0,0
0.01,23.09,89.45,21.07,0.08,0.88,207.05,3,5,0,0
0.01,23.09,89.45,21.07,0.08,0.88,207.05,3,6,0,0
0.01,23.09,89.45,21.07,0.08,0.88,207.05,3,7,0,0
0.01,23.09,89.45,21.07,0.08,0.88,207.05,3,8,0,0
0.01,23.09,89.45,21.07,0.08,0.88,207.05,3,9,1,100
0.01,23.09,89.45,21.07,0.08,0.88,207.05,3,10,0,0
0.01,23.09,89.45,21.07,0.08,0.88,207.05,4,1,0,0
0.01,23.09,89.45,21.07,0.08,0.88,207.05,4,2,0,0
0.01,23.09,89.45,21.07,0.08,0.88,207.05,4,3,0,0
0.01,23.09,89.45,21.07,0.08,0.88,207.05,4,4,0,0
0.01,23.09,89.45,21.07,0.08,0.88,207.05,4,5,1,100
0.01,23.09,89.45,21.07,0.08,0.88,207.05,4,6,0,0
0.01,23.09,89.45,21.07,0.08,0.88,207.05,4,7,0,0
0.01,23.09,89.45,21.07,0.08,0.88,207.05,4,8,0,0
0.01,23.09,89.45,21.07,0.08,0.88,207.05,4,9,0,0
0.01,23.09,89.45,21.07,0.08,0.88,207.05,4,10,0,0
0.01,23.09,89.45,21.07,0.08,0.88,207.05,5,1,0,0
0.01,23.09,89.45,21.07,0.08,0.88,207.05,5,2,0,0
0.01,23.09,89.45,21.07,0.08,0.88,207.05,5,3,1,100
0.01,23.09,89.45,21.07,0.08,0.88,207.05,5,4,0,0
0.01,23.09,89.45,21.07,0.08,0.88,207.05,5,5,0,0
0.01,23.09,89.45,21.07,0.08,0.88,207.05,5,6,0,0
0.01,23.09,89.45,21.07,0.08,0.88,207.05,5,7,1,100
0.01,23.09,89.45,21.07,0.08,0.88,207.05,5,8,0,0
0.01,23.09,89.45,21.07,0.08,0.88,207.05,5,9,0,0
0.01,23.09,89.45,21.07,0.08,0.88,207.05,5,10,0,0
0.01,23.09,89.45,21.07,0.08,0.88,207.05,6,1,0,0
0.01,23.09,89.45,21.07,0.08,0.88,207.05,6,2,0,0
0.01,23.09,89.45,21.07,0.08,0.88,207.05,6,3,0,0
0.01,23.09,89.45,21.07,0.08,0.88,207.05,6,4,0,0
0.01,23.09,89.45,21.07,0.08,0.88,207.05,6,5,0,0
0.01,23.09,89.45,21.07,0.08,0.88,207.05,6,6,0,0
0.01,23.09,89.45,21.07,0.08,0.88,207.05,6,7,0,0
0.01,23.09,89.45,21.07,0.08,0.88,207.05,6,8,0,0
0.01,23.09,89.45,21.07,0.08,0.88,207.05,6,9,1,80
0.01,23.09,89.45,21.07,0.08,0.88,207.05,6,10,1,100
0.01,23.09,89.45,21.07,0.08,0.88,207.05,7,1,1,100
0.01,23.09,89.45,21.07,0.08,0.88,207.05,7,2,0,0
0.01,23.09,89.45,21.07,0.08,0.88,207.05,7,3,0,0
0.01,23.09,89.45,21.07,0.08,0.88,207.05,7,4,0,0
0.01,23.09,89.45,21.07,0.08,0.88,207.05,7,5,0,0
0.01,23.09,89.45,21.07,0.08,0.88,207.05,7,6,0,0
0.01,23.09,89.45,21.07,0.08,0.88,207.05,7,7,0,0
0.01,23.09,89.45,21.07,0.08,0.88,207.05,7,8,0,0
0.01,23.09,89.45,21.07,0.08,0.88,207.05,7,9,0,0
0.01,23.09,89.45,21.07,0.08,0.88,207.05,7,10,0,0
0.01,23.09,89.45,21.07,0.08,0.88,207.05,8,1,0,0
0.01,23.09,89.45,21.07,0.08,0.88,207.05,8,2,0,0
0.01,23.09,89.45,21.07,0.08,0.88,207.05,8,3,1,100
0.01,23.09,89.45,21.07,0.08,0.88,207.05,8,4,0,0
0.01,23.09,89.45,21.07,0.08,0.88,207.05,8,5,1,90
0.01,23.09,89.45,21.07,0.08,0.88,207.05,8,6,0,0
0.01,23.09,89.45,21.07,0.08,0.88,207.05,8,7,0,0
0.01,23.09,89.45,21.07,0.08,0.88,207.05,8,8,0,0
0.01,23.09,89.45,21.07,0.08,0.88,207.05,8,9,0,0
0.01,23.09,89.45,21.07,0.08,0.88,207.05,8,10,0,0
0.01,23.09,89.45,21.07,0.08,0.88,207.05,9,1,1,10
0.01,23.09,89.45,21.07,0.08,0.88,207.05,9,2,0,0
0.01,23.09,89.45,21.07,0.08,0.88,207.05,9,3,0,0
0.01,23.09,89.45,21.07,0.08,0.88,207.05,9,4,1,100
0.01,23.09,89.45,21.07,0.08,0.88,207.05,9,5,0,0
0.01,23.09,89.45,21.07,0.08,0.88,207.05,9,6,0,0
0.01,23.09,89.45,21.07,0.08,0.88,207.05,9,7,0,0
0.01,23.09,89.45,21.07,0.08,0.88,207.05,9,8,0,0
0.01,23.09,89.45,21.07,0.08,0.88,207.05,9,9,1,90
0.01,23.09,89.45,21.07,0.08,0.88,207.05,9,10,0,0
0.01,23.09,89.45,21.07,0.08,0.88,207.05,10,1,0,0
0.01,23.09,89.45,21.07,0.08,0.88,207.05,10,2,0,0
0.01,23.09,89.45,21.07,0.08,0.88,207.05,10,3,1,100
0.01,23.09,89.45,21.07,0.08,0.88,207.05,10,4,0,0
0.01,23.09,89.45,21.07,0.08,0.88,207.05,10,5,1,50
0.01,23.09,89.45,21.07,0.08,0.88,207.05,10,6,0,0
0.01,23.09,89.45,21.07,0.08,0.88,207.05,10,7,0,0
0.01,23.09,89.45,21.07,0.08,0.88,207.05,10,8,1,100
0.01,23.09,89.45,21.07,0.08,0.88,207.05,10,9,0,0
0.01,23.09,89.45,21.07,0.08,0.88,207.05,10,10,0,0
0.001,25.00,81.10,20.65,0.05,0.57,198.94,1,1,0,0
0.001,25.00,81.10,20.65,0.05,0.57,198.94,1,2,0,0
0.001,25.00,81.10,20.65,0.05,0.57,198.94,1,3,0,0
0.001,25.00,81.10,20.65,0.05,0.57,198.94,1,4,0,0
0.001,25.00,81.10,20.65,0.05,0.57,198.94,1,5,0,0
0.001,25.00,81.10,20.65,0.05,0.57,198.94,1,6,0,0
0.001,25.00,81.10,20.65,0.05,0.57,198.94,1,7,0,0
0.001,25.00,81.10,20.65,0.05,0.57,198.94,1,8,0,0
0.001,25.00,81.10,20.65,0.05,0.57,198.94,1,9,0,0
0.001,25.00,81.10,20.65,0.05,0.57,198.94,1,10,0,0
0.001,25.00,81.10,20.65,0.05,0.57,198.94,2,1,0,0
0.001,25.00,81.10,20.65,0.05,0.57,198.94,2,2,0,0
0.001,25.00,81.10,20.65,0.05,0.57,198.94,2,3,0,0
0.001,25.00,81.10,20.65,0.05,0.57,198.94,2,4,0,0
0.001,25.00,81.10,20.65,0.05,0.57,198.94,2,5,0,0
0.001,25.00,81.10,20.65,0.05,0.57,198.94,2,6,0,0
0.001,25.00,81.10,20.65,0.05,0.57,198.94,2,7,0,0
0.001,25.00,81.10,20.65,0.05,0.57,198.94,2,8,0,0
0.001,25.00,81.10,20.65,0.05,0.57,198.94,2,9,0,0
0.001,25.00,81.10,20.65,0.05,0.57,198.94,2,10,0,0
0.001,25.00,81.10,20.65,0.05,0.57,198.94,3,1,0,0
0.001,25.00,81.10,20.65,0.05,0.57,198.94,3,2,0,0
0.001,25.00,81.10,20.65,0.05,0.57,198.94,3,3,0,0
0.001,25.00,81.10,20.65,0.05,0.57,198.94,3,4,0,0
0.001,25.00,81.10,20.65,0.05,0.57,198.94,3,5,0,0
0.001,25.00,81.10,20.65,0.05,0.57,198.94,3,6,0,0
0.001,25.00,81.10,20.65,0.05,0.57,198.94,3,7,0,0
0.001,25.00,81.10,20.65,0.05,0.57,198.94,3,8,0,0
0.001,25.00,81.10,20.65,0.05,0.57,198.94,3,9,0,0
0.001,25.00,81.10,20.65,0.05,0.57,198.94,3,10,0,0
0.001,25.00,81.10,20.65,0.05,0.57,198.94,4,1,0,0
0.001,25.00,81.10,20.65,0.05,0.57,198.94,4,2,0,0
0.001,25.00,81.10,20.65,0.05,0.57,198.94,4,3,0,0
0.001,25.00,81.10,20.65,0.05,0.57,198.94,4,4,0,0
0.001,25.00,81.10,20.65,0.05,0.57,198.94,4,5,0,0
0.001,25.00,81.10,20.65,0.05,0.57,198.94,4,6,0,0
0.001,25.00,81.10,20.65,0.05,0.57,198.94,4,7,0,0
0.001,25.00,81.10,20.65,0.05,0.57,198.94,4,8,0,0
0.001,25.00,81.10,20.65,0.05,0.57,198.94,4,9,0,0
0.001,25.00,81.10,20.65,0.05,0.57,198.94,4,10,0,0
0.001,25.00,81.10,20.65,0.05,0.57,198.94,5,1,0,0
0.001,25.00,81.10,20.65,0.05,0.57,198.94,5,2,0,0
0.001,25.00,81.10,20.65,0.05,0.57,198.94,5,3,0,0
0.001,25.00,81.10,20.65,0.05,0.57,198.94,5,4,0,0
0.001,25.00,81.10,20.65,0.05,0.57,198.94,5,5,0,0
0.001,25.00,81.10,20.65,0.05,0.57,198.94,5,6,0,0
0.001,25.00,81.10,20.65,0.05,0.57,198.94,5,7,0,0
0.001,25.00,81.10,20.65,0.05,0.57,198.94,5,8,0,0
0.001,25.00,81.10,20.65,0.05,0.57,198.94,5,9,0,0
0.001,25.00,81.10,20.65,0.05,0.57,198.94,5,10,0,0
0.001,25.00,81.10,20.65,0.05,0.57,198.94,6,1,0,0
0.001,25.00,81.10,20.65,0.05,0.57,198.94,6,2,0,0
0.001,25.00,81.10,20.65,0.05,0.57,198.94,6,3,0,0
0.001,25.00,81.10,20.65,0.05,0.57,198.94,6,4,0,0
0.001,25.00,81.10,20.65,0.05,0.57,198.94,6,5,0,0
0.001,25.00,81.10,20.65,0.05,0.57,198.94,6,6,0,0
0.001,25.00,81.10,20.65,0.05,0.57,198.94,6,7,0,0
0.001,25.00,81.10,20.65,0.05,0.57,198.94,6,8,0,0
0.001,25.00,81.10,20.65,0.05,0.57,198.94,6,9,0,0
0.001,25.00,81.10,20.65,0.05,0.57,198.94,6,10,0,0
0.001,25.00,81.10,20.65,0.05,0.57,198.94,7,1,0,0
0.001,25.00,81.10,20.65,0.05,0.57,198.94,7,2,0,0
0.001,25.00,81.10,20.65,0.05,0.57,198.94,7,3,0,0
0.001,25.00,81.10,20.65,0.05,0.57,198.94,7,4,0,0
0.001,25.00,81.10,20.65,0.05,0.57,198.94,7,5,0,0
0.001,25.00,81.10,20.65,0.05,0.57,198.94,7,6,0,0
0.001,25.00,81.10,20.65,0.05,0.57,198.94,7,7,0,0
0.001,25.00,81.10,20.65,0.05,0.57,198.94,7,8,0,0
0.001,25.00,81.10,20.65,0.05,0.57,198.94,7,9,0,0
0.001,25.00,81.10,20.65,0.05,0.57,198.94,7,10,0,0
0.001,25.00,81.10,20.65,0.05,0.57,198.94,8,1,0,0
0.001,25.00,81.10,20.65,0.05,0.57,198.94,8,2,0,0
0.001,25.00,81.10,20.65,0.05,0.57,198.94,8,3,0,0
0.001,25.00,81.10,20.65,0.05,0.57,198.94,8,4,0,0
0.001,25.00,81.10,20.65,0.05,0.57,198.94,8,5,0,0
0.001,25.00,81.10,20.65,0.05,0.57,198.94,8,6,0,0
0.001,25.00,81.10,20.65,0.05,0.57,198.94,8,7,0,0
0.001,25.00,81.10,20.65,0.05,0.57,198.94,8,8,0,0
0.001,25.00,81.10,20.65,0.05,0.57,198.94,8,9,0,0
0.001,25.00,81.10,20.65,0.05,0.57,198.94,8,10,0,0
0.001,25.00,81.10,20.65,0.05,0.57,198.94,9,1,0,0
0.001,25.00,81.10,20.65,0.05,0.57,198.94,9,2,0,0
0.001,25.00,81.10,20.65,0.05,0.57,198.94,9,3,0,0
0.001,25.00,81.10,20.65,0.05,0.57,198.94,9,4,0,0
0.001,25.00,81.10,20.65,0.05,0.57,198.94,9,5,0,0
0.001,25.00,81.10,20.65,0.05,0.57,198.94,9,6,0,0
0.001,25.00,81.10,20.65,0.05,0.57,198.94,9,7,0,0
0.001,25.00,81.10,20.65,0.05,0.57,198.94,9,8,0,0
0.001,25.00,81.10,20.65,0.05,0.57,198.94,9,9,0,0
0.001,25.00,81.10,20.65,0.05,0.57,198.94,9,10,0,0
0.001,25.00,81.10,20.65,0.05,0.57,198.94,10,1,0,0
0.001,25.00,81.10,20.65,0.05,0.57,198.94,10,2,0,0
0.001,25.00,81.10,20.65,0.05,0.57,198.94,10,3,0,0
0.001,25.00,81.10,20.65,0.05,0.57,198.94,10,4,0,0
0.001,25.00,81.10,20.65,0.05,0.57,198.94,10,5,0,0
0.001,25.00,81.10,20.65,0.05,0.57,198.94,10,6,0,0
0.001,25.00,81.10,20.65,0.05,0.57,198.94,10,7,0,0
0.001,25.00,81.10,20.65,0.05,0.57,198.94,10,8,0,0
0.001,25.00,81.10,20.65,0.05,0.57,198.94,10,9,0,0
0.001,25.00,81.10,20.65,0.05,0.57,198.94,10,10,0,0
0,26.42,82.86,22.82,0.10,0.82,142.69,1,1,0,0
0,26.42,82.86,22.82,0.10,0.82,142.69,1,2,0,0
0,26.42,82.86,22.82,0.10,0.82,142.69,1,3,1,100
0,26.42,82.86,22.82,0.10,0.82,142.69,1,4,0,0
0,26.42,82.86,22.82,0.10,0.82,142.69,1,5,0,0
0,26.42,82.86,22.82,0.10,0.82,142.69,1,6,0,0
0,26.42,82.86,22.82,0.10,0.82,142.69,1,7,0,0
0,26.42,82.86,22.82,0.10,0.82,142.69,1,8,1,75
0,26.42,82.86,22.82,0.10,0.82,142.69,1,9,1,90
0,26.42,82.86,22.82,0.10,0.82,142.69,1,10,0,0
0,26.42,82.86,22.82,0.10,0.82,142.69,2,1,0,0
0,26.42,82.86,22.82,0.10,0.82,142.69,2,2,1,12
0,26.42,82.86,22.82,0.10,0.82,142.69,2,3,0,0
0,26.42,82.86,22.82,0.10,0.82,142.69,2,4,1,100
0,26.42,82.86,22.82,0.10,0.82,142.69,2,5,0,0
0,26.42,82.86,22.82,0.10,0.82,142.69,2,6,1,80
0,26.42,82.86,22.82,0.10,0.82,142.69,2,7,1,100
0,26.42,82.86,22.82,0.10,0.82,142.69,2,8,1,10
0,26.42,82.86,22.82,0.10,0.82,142.69,2,9,1,60
0,26.42,82.86,22.82,0.10,0.82,142.69,2,10,0,0
0,26.42,82.86,22.82,0.10,0.82,142.69,3,1,0,0
0,26.42,82.86,22.82,0.10,0.82,142.69,3,2,0,0
0,26.42,82.86,22.82,0.10,0.82,142.69,3,3,0,0
0,26.42,82.86,22.82,0.10,0.82,142.69,3,4,0,0
0,26.42,82.86,22.82,0.10,0.82,142.69,3,5,0,0
0,26.42,82.86,22.82,0.10,0.82,142.69,3,6,1,100
0,26.42,82.86,22.82,0.10,0.82,142.69,3,7,1,80
0,26.42,82.86,22.82,0.10,0.82,142.69,3,8,0,0
0,26.42,82.86,22.82,0.10,0.82,142.69,3,9,0,0
0,26.42,82.86,22.82,0.10,0.82,142.69,3,10,1,100
0,26.42,82.86,22.82,0.10,0.82,142.69,4,1,0,0
0,26.42,82.86,22.82,0.10,0.82,142.69,4,2,0,0
0,26.42,82.86,22.82,0.10,0.82,142.69,4,3,0,0
0,26.42,82.86,22.82,0.10,0.82,142.69,4,4,0,0
0,26.42,82.86,22.82,0.10,0.82,142.69,4,5,1,80
0,26.42,82.86,22.82,0.10,0.82,142.69,4,6,0,0
0,26.42,82.86,22.82,0.10,0.82,142.69,4,7,0,0
0,26.42,82.86,22.82,0.10,0.82,142.69,4,8,0,0
0,26.42,82.86,22.82,0.10,0.82,142.69,4,9,0,0
0,26.42,82.86,22.82,0.10,0.82,142.69,4,10,1,100
0,26.42,82.86,22.82,0.10,0.82,142.69,5,1,0,0
0,26.42,82.86,22.82,0.10,0.82,142.69,5,2,0,0
0,26.42,82.86,22.82,0.10,0.82,142.69,5,3,0,0
0,26.42,82.86,22.82,0.10,0.82,142.69,5,4,0,0
0,26.42,82.86,22.82,0.10,0.82,142.69,5,5,1,80
0,26.42,82.86,22.82,0.10,0.82,142.69,5,6,1,75
0,26.42,82.86,22.82,0.10,0.82,142.69,5,7,1,80
0,26.42,82.86,22.82,0.10,0.82,142.69,5,8,0,0
0,26.42,82.86,22.82,0.10,0.82,142.69,5,9,0,0
0,26.42,82.86,22.82,0.10,0.82,142.69,5,10,1,90
0,26.42,82.86,22.82,0.10,0.82,142.69,6,1,0,0
0,26.42,82.86,22.82,0.10,0.82,142.69,6,2,1,10
0,26.42,82.86,22.82,0.10,0.82,142.69,6,3,1,15
0,26.42,82.86,22.82,0.10,0.82,142.69,6,4,1,95
0,26.42,82.86,22.82,0.10,0.82,142.69,6,5,1,100
0,26.42,82.86,22.82,0.10,0.82,142.69,6,6,0,0
0,26.42,82.86,22.82,0.10,0.82,142.69,6,7,0,0
0,26.42,82.86,22.82,0.10,0.82,142.69,6,8,1,100
0,26.42,82.86,22.82,0.10,0.82,142.69,6,9,1,10
0,26.42,82.86,22.82,0.10,0.82,142.69,6,10,0,0
0,26.42,82.86,22.82,0.10,0.82,142.69,7,1,0,0
0,26.42,82.86,22.82,0.10,0.82,142.69,7,2,0,0
0,26.42,82.86,22.82,0.10,0.82,142.69,7,3,0,0
0,26.42,82.86,22.82,0.10,0.82,142.69,7,4,1,75
0,26.42,82.86,22.82,0.10,0.82,142.69,7,5,0,0
0,26.42,82.86,22.82,0.10,0.82,142.69,7,6,0,0
0,26.42,82.86,22.82,0.10,0.82,142.69,7,7,0,0
0,26.42,82.86,22.82,0.10,0.82,142.69,7,8,0,0
0,26.42,82.86,22.82,0.10,0.82,142.69,7,9,0,0
0,26.42,82.86,22.82,0.10,0.82,142.69,7,10,0,0
0,26.42,82.86,22.82,0.10,0.82,142.69,8,1,0,0
0,26.42,82.86,22.82,0.10,0.82,142.69,8,2,0,0
0,26.42,82.86,22.82,0.10,0.82,142.69,8,3,0,0
0,26.42,82.86,22.82,0.10,0.82,142.69,8,4,0,0
0,26.42,82.86,22.82,0.10,0.82,142.69,8,5,0,0
0,26.42,82.86,22.82,0.10,0.82,142.69,8,6,0,0
0,26.42,82.86,22.82,0.10,0.82,142.69,8,7,1,20
0,26.42,82.86,22.82,0.10,0.82,142.69,8,8,0,0
0,26.42,82.86,22.82,0.10,0.82,142.69,8,9,0,0
0,26.42,82.86,22.82,0.10,0.82,142.69,8,10,1,100
0,26.42,82.86,22.82,0.10,0.82,142.69,9,1,1,15
0,26.42,82.86,22.82,0.10,0.82,142.69,9,2,1,10
0,26.42,82.86,22.82,0.10,0.82,142.69,9,3,0,0
0,26.42,82.86,22.82,0.10,0.82,142.69,9,4,1,100
0,26.42,82.86,22.82,0.10,0.82,142.69,9,5,0,0
0,26.42,82.86,22.82,0.10,0.82,142.69,9,6,1,75
0,26.42,82.86,22.82,0.10,0.82,142.69,9,7,1,100
0,26.42,82.86,22.82,0.10,0.82,142.69,9,8,1,100
0,26.42,82.86,22.82,0.10,0.82,142.69,9,9,0,0
0,26.42,82.86,22.82,0.10,0.82,142.69,9,10,0,0
0,26.42,82.86,22.82,0.10,0.82,142.69,10,1,0,0
0,26.42,82.86,22.82,0.10,0.82,142.69,10,2,0,0
0,26.42,82.86,22.82,0.10,0.82,142.69,10,3,0,0
0,26.42,82.86,22.82,0.10,0.82,142.69,10,4,0,0
0,26.42,82.86,22.82,0.10,0.82,142.69,10,5,0,0
0,26.42,82.86,22.82,0.10,0.82,142.69,10,6,0,0
0,26.42,82.86,22.82,0.10,0.82,142.69,10,7,0,0
0,26.42,82.86,22.82,0.10,0.82,142.69,10,8,1,15
0,26.42,82.86,22.82,0.10,0.82,142.69,10,9,0,0
0,26.42,82.86,22.82,0.10,0.82,142.69,10,10,0,0
0,28.18,75.72,22.85,0.10,0.96,173.07,1,1,0,0
0,28.18,75.72,22.85,0.10,0.96,173.07,1,2,0,0
0,28.18,75.72,22.85,0.10,0.96,173.07,1,3,1,75
0,28.18,75.72,22.85,0.10,0.96,173.07,1,4,1,75
0,28.18,75.72,22.85,0.10,0.96,173.07,1,5,1,100
0,28.18,75.72,22.85,0.10,0.96,173.07,1,6,1,100
0,28.18,75.72,22.85,0.10,0.96,173.07,1,7,0,0
0,28.18,75.72,22.85,0.10,0.96,173.07,1,8,0,0
0,28.18,75.72,22.85,0.10,0.96,173.07,1,9,1,80
0,28.18,75.72,22.85,0.10,0.96,173.07,1,10,1,80
0,28.18,75.72,22.85,0.10,0.96,173.07,2,1,0,0
0,28.18,75.72,22.85,0.10,0.96,173.07,2,2,0,0
0,28.18,75.72,22.85,0.10,0.96,173.07,2,3,0,0
0,28.18,75.72,22.85,0.10,0.96,173.07,2,4,0,0
0,28.18,75.72,22.85,0.10,0.96,173.07,2,5,1,75
0,28.18,75.72,22.85,0.10,0.96,173.07,2,6,1,75
0,28.18,75.72,22.85,0.10,0.96,173.07,2,7,1,90
0,28.18,75.72,22.85,0.10,0.96,173.07,2,8,1,90
0,28.18,75.72,22.85,0.10,0.96,173.07,2,9,0,0
0,28.18,75.72,22.85,0.10,0.96,173.07,2,10,0,0
0,28.18,75.72,22.85,0.10,0.96,173.07,3,1,1,90
0,28.18,75.72,22.85,0.10,0.96,173.07,3,2,1,90
0,28.18,75.72,22.85,0.10,0.96,173.07,3,3,1,100
0,28.18,75.72,22.85,0.10,0.96,173.07,3,4,1,100
0,28.18,75.72,22.85,0.10,0.96,173.07,3,5,1,20
0,28.18,75.72,22.85,0.10,0.96,173.07,3,6,1,20
0,28.18,75.72,22.85,0.10,0.96,173.07,3,7,1,100
0,28.18,75.72,22.85,0.10,0.96,173.07,3,8,1,100
0,28.18,75.72,22.85,0.10,0.96,173.07,3,9,0,0
0,28.18,75.72,22.85,0.10,0.96,173.07,3,10,0,0
0,28.18,75.72,22.85,0.10,0.96,173.07,4,1,1,80
0,28.18,75.72,22.85,0.10,0.96,173.07,4,2,1,80
0,28.18,75.72,22.85,0.10,0.96,173.07,4,3,1,100
0,28.18,75.72,22.85,0.10,0.96,173.07,4,4,1,100
0,28.18,75.72,22.85,0.10,0.96,173.07,4,5,1,90
0,28.18,75.72,22.85,0.10,0.96,173.07,4,6,1,90
0,28.18,75.72,22.85,0.10,0.96,173.07,4,7,1,100
0,28.18,75.72,22.85,0.10,0.96,173.07,4,8,1,100
0,28.18,75.72,22.85,0.10,0.96,173.07,4,9,1,100
0,28.18,75.72,22.85,0.10,0.96,173.07,4,10,1,100
0,28.18,75.72,22.85,0.10,0.96,173.07,5,1,1,10
0,28.18,75.72,22.85,0.10,0.96,173.07,5,2,1,10
0,28.18,75.72,22.85,0.10,0.96,173.07,5,3,1,80
0,28.18,75.72,22.85,0.10,0.96,173.07,5,4,1,80
0,28.18,75.72,22.85,0.10,0.96,173.07,5,5,0,0
0,28.18,75.72,22.85,0.10,0.96,173.07,5,6,0,0
0,28.18,75.72,22.85,0.10,0.96,173.07,5,7,0,0
0,28.18,75.72,22.85,0.10,0.96,173.07,5,8,0,0
0,28.18,75.72,22.85,0.10,0.96,173.07,5,9,0,0
0,28.18,75.72,22.85,0.10,0.96,173.07,5,10,0,0
0,28.18,75.72,22.85,0.10,0.96,173.07,6,1,1,100
0,28.18,75.72,22.85,0.10,0.96,173.07,6,2,1,100
0,28.18,75.72,22.85,0.10,0.96,173.07,6,3,1,80
0,28.18,75.72,22.85,0.10,0.96,173.07,6,4,1,80
0,28.18,75.72,22.85,0.10,0.96,173.07,6,5,0,0
0,28.18,75.72,22.85,0.10,0.96,173.07,6,6,0,0
0,28.18,75.72,22.85,0.10,0.96,173.07,6,7,0,0
0,28.18,75.72,22.85,0.10,0.96,173.07,6,8,0,0
0,28.18,75.72,22.85,0.10,0.96,173.07,6,9,1,100
0,28.18,75.72,22.85,0.10,0.96,173.07,6,10,1,100
0,28.18,75.72,22.85,0.10,0.96,173.07,7,1,1,75
0,28.18,75.72,22.85,0.10,0.96,173.07,7,2,1,75
0,28.18,75.72,22.85,0.10,0.96,173.07,7,3,0,0
0,28.18,75.72,22.85,0.10,0.96,173.07,7,4,0,0
0,28.18,75.72,22.85,0.10,0.96,173.07,7,5,1,75
0,28.18,75.72,22.85,0.10,0.96,173.07,7,6,1,75
0,28.18,75.72,22.85,0.10,0.96,173.07,7,7,0,0
0,28.18,75.72,22.85,0.10,0.96,173.07,7,8,0,0
0,28.18,75.72,22.85,0.10,0.96,173.07,7,9,1,80
0,28.18,75.72,22.85,0.10,0.96,173.07,7,10,1,80
0,28.18,75.72,22.85,0.10,0.96,173.07,8,1,1,100
0,28.18,75.72,22.85,0.10,0.96,173.07,8,2,1,100
0,28.18,75.72,22.85,0.10,0.96,173.07,8,3,1,75
0,28.18,75.72,22.85,0.10,0.96,173.07,8,4,1,75
0,28.18,75.72,22.85,0.10,0.96,173.07,8,5,1,95
0,28.18,75.72,22.85,0.10,0.96,173.07,8,6,1,95
0,28.18,75.72,22.85,0.10,0.96,173.07,8,7,1,80
0,28.18,75.72,22.85,0.10,0.96,173.07,8,8,1,80
0,28.18,75.72,22.85,0.10,0.96,173.07,8,9,1,100
0,28.18,75.72,22.85,0.10,0.96,173.07,8,10,1,100
0,28.18,75.72,22.85,0.10,0.96,173.07,9,1,0,0
0,28.18,75.72,22.85,0.10,0.96,173.07,9,2,0,0
0,28.18,75.72,22.85,0.10,0.96,173.07,9,3,0,0
0,28.18,75.72,22.85,0.10,0.96,173.07,9,4,0,0
0,28.18,75.72,22.85,0.10,0.96,173.07,9,5,1,100
0,28.18,75.72,22.85,0.10,0.96,173.07,9,6,1,100
0,28.18,75.72,22.85,0.10,0.96,173.07,9,7,1,30
0,28.18,75.72,22.85,0.10,0.96,173.07,9,8,1,30
0,28.18,75.72,22.85,0.10,0.96,173.07,9,9,1,80
0,28.18,75.72,22.85,0.10,0.96,173.07,9,10,1,80
0,28.18,75.72,22.85,0.10,0.96,173.07,10,1,1,50
0,28.18,75.72,22.85,0.10,0.96,173.07,10,2,1,50
0,28.18,75.72,22.85,0.10,0.96,173.07,10,3,1,80
0,28.18,75.72,22.85,0.10,0.96,173.07,10,4,1,80
0,28.18,75.72,22.85,0.10,0.96,173.07,10,5,0,0
0,28.18,75.72,22.85,0.10,0.96,173.07,10,6,0,0
0,28.18,75.72,22.85,0.10,0.96,173.07,10,7,0,0
0,28.18,75.72,22.85,0.10,0.96,173.07,10,8,0,0
0,28.18,75.72,22.85,0.10,0.96,173.07,10,9,1,90
0,28.18,75.72,22.85,0.10,0.96,173.07,10,10,1,90
0.02,26.65,81.43,22.70,0.35,1.32,105.36,1,1,0,0
0.02,26.65,81.43,22.70,0.35,1.32,105.36,1,2,1,75
0.02,26.65,81.43,22.70,0.35,1.32,105.36,1,3,1,100
0.02,26.65,81.43,22.70,0.35,1.32,105.36,1,4,0,0
0.02,26.65,81.43,22.70,0.35,1.32,105.36,1,5,1,80
0.02,26.65,81.43,22.70,0.35,1.32,105.36,1,6,0,0
0.02,26.65,81.43,22.70,0.35,1.32,105.36,1,7,0,0
0.02,26.65,81.43,22.70,0.35,1.32,105.36,1,8,1,75
0.02,26.65,81.43,22.70,0.35,1.32,105.36,1,9,1,90
0.02,26.65,81.43,22.70,0.35,1.32,105.36,1,10,0,0
0.02,26.65,81.43,22.70,0.35,1.32,105.36,2,1,1,90
0.02,26.65,81.43,22.70,0.35,1.32,105.36,2,2,1,100
0.02,26.65,81.43,22.70,0.35,1.32,105.36,2,3,1,45
0.02,26.65,81.43,22.70,0.35,1.32,105.36,2,4,1,100
0.02,26.65,81.43,22.70,0.35,1.32,105.36,2,5,0,0
0.02,26.65,81.43,22.70,0.35,1.32,105.36,2,6,1,80
0.02,26.65,81.43,22.70,0.35,1.32,105.36,2,7,1,100
0.02,26.65,81.43,22.70,0.35,1.32,105.36,2,8,1,90
0.02,26.65,81.43,22.70,0.35,1.32,105.36,2,9,1,100
0.02,26.65,81.43,22.70,0.35,1.32,105.36,2,10,1,100
0.02,26.65,81.43,22.70,0.35,1.32,105.36,3,1,1,35
0.02,26.65,81.43,22.70,0.35,1.32,105.36,3,2,1,80
0.02,26.65,81.43,22.70,0.35,1.32,105.36,3,3,0,0
0.02,26.65,81.43,22.70,0.35,1.32,105.36,3,4,0,0
0.02,26.65,81.43,22.70,0.35,1.32,105.36,3,5,0,0
0.02,26.65,81.43,22.70,0.35,1.32,105.36,3,6,1,100
0.02,26.65,81.43,22.70,0.35,1.32,105.36,3,7,1,80
0.02,26.65,81.43,22.70,0.35,1.32,105.36,3,8,0,0
0.02,26.65,81.43,22.70,0.35,1.32,105.36,3,9,0,0
0.02,26.65,81.43,22.70,0.35,1.32,105.36,3,10,1,100
0.02,26.65,81.43,22.70,0.35,1.32,105.36,4,1,1,75
0.02,26.65,81.43,22.70,0.35,1.32,105.36,4,2,0,0
0.02,26.65,81.43,22.70,0.35,1.32,105.36,4,3,1,75
0.02,26.65,81.43,22.70,0.35,1.32,105.36,4,4,0,0
0.02,26.65,81.43,22.70,0.35,1.32,105.36,4,5,1,80
0.02,26.65,81.43,22.70,0.35,1.32,105.36,4,6,1,100
0.02,26.65,81.43,22.70,0.35,1.32,105.36,4,7,1,75
0.02,26.65,81.43,22.70,0.35,1.32,105.36,4,8,1,95
0.02,26.65,81.43,22.70,0.35,1.32,105.36,4,9,1,80
0.02,26.65,81.43,22.70,0.35,1.32,105.36,4,10,1,100
0.02,26.65,81.43,22.70,0.35,1.32,105.36,5,1,0,0
0.02,26.65,81.43,22.70,0.35,1.32,105.36,5,2,0,0
0.02,26.65,81.43,22.70,0.35,1.32,105.36,5,3,1,100
0.02,26.65,81.43,22.70,0.35,1.32,105.36,5,4,1,30
0.02,26.65,81.43,22.70,0.35,1.32,105.36,5,5,1,80
0.02,26.65,81.43,22.70,0.35,1.32,105.36,5,6,1,75
0.02,26.65,81.43,22.70,0.35,1.32,105.36,5,7,1,80
0.02,26.65,81.43,22.70,0.35,1.32,105.36,5,8,0,0
0.02,26.65,81.43,22.70,0.35,1.32,105.36,5,9,0,0
0.02,26.65,81.43,22.70,0.35,1.32,105.36,5,10,1,90
0.02,26.65,81.43,22.70,0.35,1.32,105.36,6,1,0,0
0.02,26.65,81.43,22.70,0.35,1.32,105.36,6,2,1,55
0.02,26.65,81.43,22.70,0.35,1.32,105.36,6,3,1,40
0.02,26.65,81.43,22.70,0.35,1.32,105.36,6,4,1,95
0.02,26.65,81.43,22.70,0.35,1.32,105.36,6,5,1,100
0.02,26.65,81.43,22.70,0.35,1.32,105.36,6,6,1,80
0.02,26.65,81.43,22.70,0.35,1.32,105.36,6,7,1,90
0.02,26.65,81.43,22.70,0.35,1.32,105.36,6,8,1,100
0.02,26.65,81.43,22.70,0.35,1.32,105.36,6,9,1,100
0.02,26.65,81.43,22.70,0.35,1.32,105.36,6,10,1,100
0.02,26.65,81.43,22.70,0.35,1.32,105.36,7,1,0,0
0.02,26.65,81.43,22.70,0.35,1.32,105.36,7,2,0,0
0.02,26.65,81.43,22.70,0.35,1.32,105.36,7,3,0,0
0.02,26.65,81.43,22.70,0.35,1.32,105.36,7,4,1,75
0.02,26.65,81.43,22.70,0.35,1.32,105.36,7,5,0,0
0.02,26.65,81.43,22.70,0.35,1.32,105.36,7,6,0,0
0.02,26.65,81.43,22.70,0.35,1.32,105.36,7,7,1,55
0.02,26.65,81.43,22.70,0.35,1.32,105.36,7,8,0,0
0.02,26.65,81.43,22.70,0.35,1.32,105.36,7,9,1,50
0.02,26.65,81.43,22.70,0.35,1.32,105.36,7,10,1,65
0.02,26.65,81.43,22.70,0.35,1.32,105.36,8,1,0,0
0.02,26.65,81.43,22.70,0.35,1.32,105.36,8,2,0,0
0.02,26.65,81.43,22.70,0.35,1.32,105.36,8,3,0,0
0.02,26.65,81.43,22.70,0.35,1.32,105.36,8,4,1,75
0.02,26.65,81.43,22.70,0.35,1.32,105.36,8,5,1,80
0.02,26.65,81.43,22.70,0.35,1.32,105.36,8,6,0,0
0.02,26.65,81.43,22.70,0.35,1.32,105.36,8,7,1,45
0.02,26.65,81.43,22.70,0.35,1.32,105.36,8,8,1,100
0.02,26.65,81.43,22.70,0.35,1.32,105.36,8,9,0,0
0.02,26.65,81.43,22.70,0.35,1.32,105.36,8,10,1,100
0.02,26.65,81.43,22.70,0.35,1.32,105.36,9,1,1,75
0.02,26.65,81.43,22.70,0.35,1.32,105.36,9,2,1,65
0.02,26.65,81.43,22.70,0.35,1.32,105.36,9,3,0,0
0.02,26.65,81.43,22.70,0.35,1.32,105.36,9,4,1,100
0.02,26.65,81.43,22.70,0.35,1.32,105.36,9,5,0,0
0.02,26.65,81.43,22.70,0.35,1.32,105.36,9,6,1,75
0.02,26.65,81.43,22.70,0.35,1.32,105.36,9,7,1,100
0.02,26.65,81.43,22.70,0.35,1.32,105.36,9,8,1,100
0.02,26.65,81.43,22.70,0.35,1.32,105.36,9,9,0,0
0.02,26.65,81.43,22.70,0.35,1.32,105.36,9,10,0,0
0.02,26.65,81.43,22.70,0.35,1.32,105.36,10,1,1,75
0.02,26.65,81.43,22.70,0.35,1.32,105.36,10,2,0,0
0.02,26.65,81.43,22.70,0.35,1.32,105.36,10,3,0,0
0.02,26.65,81.43,22.70,0.35,1.32,105.36,10,4,0,0
0.02,26.65,81.43,22.70,0.35,1.32,105.36,10,5,1,90
0.02,26.65,81.43,22.70,0.35,1.32,105.36,10,6,0,0
0.02,26.65,81.43,22.70,0.35,1.32,105.36,10,7,0,0
0.02,26.65,81.43,22.70,0.35,1.32,105.36,10,8,1,100
0.02,26.65,81.43,22.70,0.35,1.32,105.36,10,9,0,0
0.02,26.65,81.43,22.70,0.35,1.32,105.36,10,10,0,0
0.05,23.61,94.30,22.61,0.04,0.41,209.18,1,1,0,0
0.05,23.61,94.30,22.61,0.04,0.41,209.18,1,2,0,0
0.05,23.61,94.30,22.61,0.04,0.41,209.18,1,3,0,0
0.05,23.61,94.30,22.61,0.04,0.41,209.18,1,4,0,0
0.05,23.61,94.30,22.61,0.04,0.41,209.18,1,5,0,0
0.05,23.61,94.30,22.61,0.04,0.41,209.18,1,6,0,0
0.05,23.61,94.30,22.61,0.04,0.41,209.18,1,7,0,0
0.05,23.61,94.30,22.61,0.04,0.41,209.18,1,8,0,0
0.05,23.61,94.30,22.61,0.04,0.41,209.18,1,9,0,0
0.05,23.61,94.30,22.61,0.04,0.41,209.18,1,10,0,0
0.05,23.61,94.30,22.61,0.04,0.41,209.18,2,1,0,0
0.05,23.61,94.30,22.61,0.04,0.41,209.18,2,2,0,0
0.05,23.61,94.30,22.61,0.04,0.41,209.18,2,3,0,0
0.05,23.61,94.30,22.61,0.04,0.41,209.18,2,4,0,0
0.05,23.61,94.30,22.61,0.04,0.41,209.18,2,5,0,0
0.05,23.61,94.30,22.61,0.04,0.41,209.18,2,6,0,0
0.05,23.61,94.30,22.61,0.04,0.41,209.18,2,7,0,0
0.05,23.61,94.30,22.61,0.04,0.41,209.18,2,8,0,0
0.05,23.61,94.30,22.61,0.04,0.41,209.18,2,9,0,0
0.05,23.61,94.30,22.61,0.04,0.41,209.18,2,10,0,0
0.05,23.61,94.30,22.61,0.04,0.41,209.18,3,1,0,0
0.05,23.61,94.30,22.61,0.04,0.41,209.18,3,2,0,0
0.05,23.61,94.30,22.61,0.04,0.41,209.18,3,3,0,0
0.05,23.61,94.30,22.61,0.04,0.41,209.18,3,4,0,0
0.05,23.61,94.30,22.61,0.04,0.41,209.18,3,5,0,0
0.05,23.61,94.30,22.61,0.04,0.41,209.18,3,6,0,0
0.05,23.61,94.30,22.61,0.04,0.41,209.18,3,7,0,0
0.05,23.61,94.30,22.61,0.04,0.41,209.18,3,8,0,0
0.05,23.61,94.30,22.61,0.04,0.41,209.18,3,9,0,0
0.05,23.61,94.30,22.61,0.04,0.41,209.18,3,10,0,0
0.05,23.61,94.30,22.61,0.04,0.41,209.18,4,1,0,0
0.05,23.61,94.30,22.61,0.04,0.41,209.18,4,2,0,0
0.05,23.61,94.30,22.61,0.04,0.41,209.18,4,3,0,0
0.05,23.61,94.30,22.61,0.04,0.41,209.18,4,4,0,0
0.05,23.61,94.30,22.61,0.04,0.41,209.18,4,5,0,0
0.05,23.61,94.30,22.61,0.04,0.41,209.18,4,6,0,0
0.05,23.61,94.30,22.61,0.04,0.41,209.18,4,7,0,0
0.05,23.61,94.30,22.61,0.04,0.41,209.18,4,8,0,0
0.05,23.61,94.30,22.61,0.04,0.41,209.18,4,9,0,0
0.05,23.61,94.30,22.61,0.04,0.41,209.18,4,10,0,0
0.05,23.61,94.30,22.61,0.04,0.41,209.18,5,1,0,0
0.05,23.61,94.30,22.61,0.04,0.41,209.18,5,2,0,0
0.05,23.61,94.30,22.61,0.04,0.41,209.18,5,3,0,0
0.05,23.61,94.30,22.61,0.04,0.41,209.18,5,4,0,0
0.05,23.61,94.30,22.61,0.04,0.41,209.18,5,5,0,0
0.05,23.61,94.30,22.61,0.04,0.41,209.18,5,6,0,0
0.05,23.61,94.30,22.61,0.04,0.41,209.18,5,7,0,0
0.05,23.61,94.30,22.61,0.04,0.41,209.18,5,8,0,0
0.05,23.61,94.30,22.61,0.04,0.41,209.18,5,9,0,0
0.05,23.61,94.30,22.61,0.04,0.41,209.18,5,10,0,0
0.05,23.61,94.30,22.61,0.04,0.41,209.18,6,1,0,0
0.05,23.61,94.30,22.61,0.04,0.41,209.18,6,2,0,0
0.05,23.61,94.30,22.61,0.04,0.41,209.18,6,3,0,0
0.05,23.61,94.30,22.61,0.04,0.41,209.18,6,4,0,0
0.05,23.61,94.30,22.61,0.04,0.41,209.18,6,5,0,0
0.05,23.61,94.30,22.61,0.04,0.41,209.18,6,6,0,0
0.05,23.61,94.30,22.61,0.04,0.41,209.18,6,7,0,0
0.05,23.61,94.30,22.61,0.04,0.41,209.18,6,8,0,0
0.05,23.61,94.30,22.61,0.04,0.41,209.18,6,9,0,0
0.05,23.61,94.30,22.61,0.04,0.41,209.18,6,10,0,0
0.05,23.61,94.30,22.61,0.04,0.41,209.18,7,1,0,0
0.05,23.61,94.30,22.61,0.04,0.41,209.18,7,2,0,0
0.05,23.61,94.30,22.61,0.04,0.41,209.18,7,3,0,0
0.05,23.61,94.30,22.61,0.04,0.41,209.18,7,4,0,0
0.05,23.61,94.30,22.61,0.04,0.41,209.18,7,5,0,0
0.05,23.61,94.30,22.61,0.04,0.41,209.18,7,6,0,0
0.05,23.61,94.30,22.61,0.04,0.41,209.18,7,7,0,0
0.05,23.61,94.30,22.61,0.04,0.41,209.18,7,8,0,0
0.05,23.61,94.30,22.61,0.04,0.41,209.18,7,9,0,0
0.05,23.61,94.30,22.61,0.04,0.41,209.18,7,10,0,0
0.05,23.61,94.30,22.61,0.04,0.41,209.18,8,1,0,0
0.05,23.61,94.30,22.61,0.04,0.41,209.18,8,2,0,0
0.05,23.61,94.30,22.61,0.04,0.41,209.18,8,3,0,0
0.05,23.61,94.30,22.61,0.04,0.41,209.18,8,4,0,0
0.05,23.61,94.30,22.61,0.04,0.41,209.18,8,5,0,0
0.05,23.61,94.30,22.61,0.04,0.41,209.18,8,6,0,0
0.05,23.61,94.30,22.61,0.04,0.41,209.18,8,7,0,0
0.05,23.61,94.30,22.61,0.04,0.41,209.18,8,8,0,0
0.05,23.61,94.30,22.61,0.04,0.41,209.18,8,9,0,0
0.05,23.61,94.30,22.61,0.04,0.41,209.18,8,10,0,0
0.05,23.61,94.30,22.61,0.04,0.41,209.18,9,1,0,0
0.05,23.61,94.30,22.61,0.04,0.41,209.18,9,2,0,0
0.05,23.61,94.30,22.61,0.04,0.41,209.18,9,3,0,0
0.05,23.61,94.30,22.61,0.04,0.41,209.18,9,4,0,0
0.05,23.61,94.30,22.61,0.04,0.41,209.18,9,5,0,0
0.05,23.61,94.30,22.61,0.04,0.41,209.18,9,6,0,0
0.05,23.61,94.30,22.61,0.04,0.41,209.18,9,7,0,0
0.05,23.61,94.30,22.61,0.04,0.41,209.18,9,8,0,0
0.05,23.61,94.30,22.61,0.04,0.41,209.18,9,9,0,0
0.05,23.61,94.30,22.61,0.04,0.41,209.18,9,10,0,0
0.05,23.61,94.30,22.61,0.04,0.41,209.18,10,1,0,0
0.05,23.61,94.30,22.61,0.04,0.41,209.18,10,2,0,0
0.05,23.61,94.30,22.61,0.04,0.41,209.18,10,3,0,0
0.05,23.61,94.30,22.61,0.04,0.41,209.18,10,4,0,0
0.05,23.61,94.30,22.61,0.04,0.41,209.18,10,5,0,0
0.05,23.61,94.30,22.61,0.04,0.41,209.18,10,6,0,0
0.05,23.61,94.30,22.61,0.04,0.41,209.18,10,7,0,0
0.05,23.61,94.30,22.61,0.04,0.41,209.18,10,8,0,0
0.05,23.61,94.30,22.61,0.04,0.41,209.18,10,9,0,0
0.05,23.61,94.30,22.61,0.04,0.41,209.18,10,10,0,0
0.29,23.98,92.72,22.70,0.11,1.06,194.96,1,1,1,45
0.29,23.98,92.72,22.70,0.11,1.06,194.96,1,2,1,75
0.29,23.98,92.72,22.70,0.11,1.06,194.96,1,3,1,55
0.29,23.98,92.72,22.70,0.11,1.06,194.96,1,4,0,0
0.29,23.98,92.72,22.70,0.11,1.06,194.96,1,5,1,30
0.29,23.98,92.72,22.70,0.11,1.06,194.96,1,6,0,0
0.29,23.98,92.72,22.70,0.11,1.06,194.96,1,7,1,55
0.29,23.98,92.72,22.70,0.11,1.06,194.96,1,8,1,35
0.29,23.98,92.72,22.70,0.11,1.06,194.96,1,9,1,35
0.29,23.98,92.72,22.70,0.11,1.06,194.96,1,10,0,0
0.29,23.98,92.72,22.70,0.11,1.06,194.96,2,1,1,40
0.29,23.98,92.72,22.70,0.11,1.06,194.96,2,2,1,35
0.29,23.98,92.72,22.70,0.11,1.06,194.96,2,3,1,45
0.29,23.98,92.72,22.70,0.11,1.06,194.96,2,4,1,25
0.29,23.98,92.72,22.70,0.11,1.06,194.96,2,5,0,0
0.29,23.98,92.72,22.70,0.11,1.06,194.96,2,6,1,25
0.29,23.98,92.72,22.70,0.11,1.06,194.96,2,7,1,55
0.29,23.98,92.72,22.70,0.11,1.06,194.96,2,8,1,29
0.29,23.98,92.72,22.70,0.11,1.06,194.96,2,9,1,40
0.29,23.98,92.72,22.70,0.11,1.06,194.96,2,10,1,40
0.29,23.98,92.72,22.70,0.11,1.06,194.96,3,1,1,45
0.29,23.98,92.72,22.70,0.11,1.06,194.96,3,2,1,30
0.29,23.98,92.72,22.70,0.11,1.06,194.96,3,3,0,0
0.29,23.98,92.72,22.70,0.11,1.06,194.96,3,4,0,0
0.29,23.98,92.72,22.70,0.11,1.06,194.96,3,5,0,0
0.29,23.98,92.72,22.70,0.11,1.06,194.96,3,6,1,35
0.29,23.98,92.72,22.70,0.11,1.06,194.96,3,7,1,35
0.29,23.98,92.72,22.70,0.11,1.06,194.96,3,8,1,25
0.29,23.98,92.72,22.70,0.11,1.06,194.96,3,9,1,20
0.29,23.98,92.72,22.70,0.11,1.06,194.96,3,10,1,55
0.29,23.98,92.72,22.70,0.11,1.06,194.96,4,1,1,40
0.29,23.98,92.72,22.70,0.11,1.06,194.96,4,2,0,0
0.29,23.98,92.72,22.70,0.11,1.06,194.96,4,3,1,45
0.29,23.98,92.72,22.70,0.11,1.06,194.96,4,4,0,0
0.29,23.98,92.72,22.70,0.11,1.06,194.96,4,5,1,30
0.29,23.98,92.72,22.70,0.11,1.06,194.96,4,6,1,60
0.29,23.98,92.72,22.70,0.11,1.06,194.96,4,7,1,45
0.29,23.98,92.72,22.70,0.11,1.06,194.96,4,8,1,35
0.29,23.98,92.72,22.70,0.11,1.06,194.96,4,9,1,35
0.29,23.98,92.72,22.70,0.11,1.06,194.96,4,10,1,55
0.29,23.98,92.72,22.70,0.11,1.06,194.96,5,1,0,0
0.29,23.98,92.72,22.70,0.11,1.06,194.96,5,2,0,0
0.29,23.98,92.72,22.70,0.11,1.06,194.96,5,3,1,45
0.29,23.98,92.72,22.70,0.11,1.06,194.96,5,4,1,5
0.29,23.98,92.72,22.70,0.11,1.06,194.96,5,5,1,40
0.29,23.98,92.72,22.70,0.11,1.06,194.96,5,6,1,20
0.29,23.98,92.72,22.70,0.11,1.06,194.96,5,7,1,30
0.29,23.98,92.72,22.70,0.11,1.06,194.96,5,8,0,0
0.29,23.98,92.72,22.70,0.11,1.06,194.96,5,9,0,0
0.29,23.98,92.72,22.70,0.11,1.06,194.96,5,10,1,35
0.29,23.98,92.72,22.70,0.11,1.06,194.96,6,1,0,0
0.29,23.98,92.72,22.70,0.11,1.06,194.96,6,2,1,35
0.29,23.98,92.72,22.70,0.11,1.06,194.96,6,3,1,5
0.29,23.98,92.72,22.70,0.11,1.06,194.96,6,4,1,50
0.29,23.98,92.72,22.70,0.11,1.06,194.96,6,5,1,50
0.29,23.98,92.72,22.70,0.11,1.06,194.96,6,6,1,25
0.29,23.98,92.72,22.70,0.11,1.06,194.96,6,7,1,45
0.29,23.98,92.72,22.70,0.11,1.06,194.96,6,8,1,50
0.29,23.98,92.72,22.70,0.11,1.06,194.96,6,9,1,45
0.29,23.98,92.72,22.70,0.11,1.06,194.96,6,10,1,55
0.29,23.98,92.72,22.70,0.11,1.06,194.96,7,1,0,0
0.29,23.98,92.72,22.70,0.11,1.06,194.96,7,2,0,0
0.29,23.98,92.72,22.70,0.11,1.06,194.96,7,3,0,0
0.29,23.98,92.72,22.70,0.11,1.06,194.96,7,4,1,35
0.29,23.98,92.72,22.70,0.11,1.06,194.96,7,5,1,55
0.29,23.98,92.72,22.70,0.11,1.06,194.96,7,6,0,0
0.29,23.98,92.72,22.70,0.11,1.06,194.96,7,7,0,0
0.29,23.98,92.72,22.70,0.11,1.06,194.96,7,8,0,0
0.29,23.98,92.72,22.70,0.11,1.06,194.96,7,9,1,10
0.29,23.98,92.72,22.70,0.11,1.06,194.96,7,10,1,50
0.29,23.98,92.72,22.70,0.11,1.06,194.96,8,1,0,0
0.29,23.98,92.72,22.70,0.11,1.06,194.96,8,2,0,0
0.29,23.98,92.72,22.70,0.11,1.06,194.96,8,3,0,0
0.29,23.98,92.72,22.70,0.11,1.06,194.96,8,4,1,20
0.29,23.98,92.72,22.70,0.11,1.06,194.96,8,5,1,35
0.29,23.98,92.72,22.70,0.11,1.06,194.96,8,6,1,40
0.29,23.98,92.72,22.70,0.11,1.06,194.96,8,7,1,30
0.29,23.98,92.72,22.70,0.11,1.06,194.96,8,8,1,55
0.29,23.98,92.72,22.70,0.11,1.06,194.96,8,9,0,0
0.29,23.98,92.72,22.70,0.11,1.06,194.96,8,10,1,30
0.29,23.98,92.72,22.70,0.11,1.06,194.96,9,1,1,25
0.29,23.98,92.72,22.70,0.11,1.06,194.96,9,2,1,30
0.29,23.98,92.72,22.70,0.11,1.06,194.96,9,3,0,0
0.29,23.98,92.72,22.70,0.11,1.06,194.96,9,4,1,40
0.29,23.98,92.72,22.70,0.11,1.06,194.96,9,5,1,35
0.29,23.98,92.72,22.70,0.11,1.06,194.96,9,6,1,40
0.29,23.98,92.72,22.70,0.11,1.06,194.96,9,7,1,55
0.29,23.98,92.72,22.70,0.11,1.06,194.96,9,8,1,50
0.29,23.98,92.72,22.70,0.11,1.06,194.96,9,9,0,0
0.29,23.98,92.72,22.70,0.11,1.06,194.96,9,10,0,0
0.29,23.98,92.72,22.70,0.11,1.06,194.96,10,1,1,25
0.29,23.98,92.72,22.70,0.11,1.06,194.96,10,2,0,0
0.29,23.98,92.72,22.70,0.11,1.06,194.96,10,3,1,5
0.29,23.98,92.72,22.70,0.11,1.06,194.96,10,4,0,0
0.29,23.98,92.72,22.70,0.11,1.06,194.96,10,5,1,30
0.29,23.98,92.72,22.70,0.11,1.06,194.96,10,6,0,0
0.29,23.98,92.72,22.70,0.11,1.06,194.96,10,7,0,0
0.29,23.98,92.72,22.70,0.11,1.06,194.96,10,8,1,50
0.29,23.98,92.72,22.70,0.11,1.06,194.96,10,9,1,55
0.29,23.98,92.72,22.70,0.11,1.06,194.96,10,10,0,0
0,25.36,88.41,23.21,0.10,0.90,159.75,1,1,1,100
0,25.36,88.41,23.21,0.10,0.90,159.75,1,2,1,75
0,25.36,88.41,23.21,0.10,0.90,159.75,1,3,1,100
0,25.36,88.41,23.21,0.10,0.90,159.75,1,4,0,0
0,25.36,88.41,23.21,0.10,0.90,159.75,1,5,1,80
0,25.36,88.41,23.21,0.10,0.90,159.75,1,6,1,5
0,25.36,88.41,23.21,0.10,0.90,159.75,1,7,1,100
0,25.36,88.41,23.21,0.10,0.90,159.75,1,8,1,75
0,25.36,88.41,23.21,0.10,0.90,159.75,1,9,1,90
0,25.36,88.41,23.21,0.10,0.90,159.75,1,10,0,0
0,25.36,88.41,23.21,0.10,0.90,159.75,2,1,1,90
0,25.36,88.41,23.21,0.10,0.90,159.75,2,2,1,100
0,25.36,88.41,23.21,0.10,0.90,159.75,2,3,1,100
0,25.36,88.41,23.21,0.10,0.90,159.75,2,4,1,100
0,25.36,88.41,23.21,0.10,0.90,159.75,2,5,0,0
0,25.36,88.41,23.21,0.10,0.90,159.75,2,6,1,80
0,25.36,88.41,23.21,0.10,0.90,159.75,2,7,1,100
0,25.36,88.41,23.21,0.10,0.90,159.75,2,8,1,90
0,25.36,88.41,23.21,0.10,0.90,159.75,2,9,1,100
0,25.36,88.41,23.21,0.10,0.90,159.75,2,10,1,100
0,25.36,88.41,23.21,0.10,0.90,159.75,3,1,1,15
0,25.36,88.41,23.21,0.10,0.90,159.75,3,2,1,80
0,25.36,88.41,23.21,0.10,0.90,159.75,3,3,0,0
0,25.36,88.41,23.21,0.10,0.90,159.75,3,4,1,10
0,25.36,88.41,23.21,0.10,0.90,159.75,3,5,0,0
0,25.36,88.41,23.21,0.10,0.90,159.75,3,6,1,100
0,25.36,88.41,23.21,0.10,0.90,159.75,3,7,1,80
0,25.36,88.41,23.21,0.10,0.90,159.75,3,8,1,80
0,25.36,88.41,23.21,0.10,0.90,159.75,3,9,1,75
0,25.36,88.41,23.21,0.10,0.90,159.75,3,10,1,100
0,25.36,88.41,23.21,0.10,0.90,159.75,4,1,1,75
0,25.36,88.41,23.21,0.10,0.90,159.75,4,2,0,0
0,25.36,88.41,23.21,0.10,0.90,159.75,4,3,1,75
0,25.36,88.41,23.21,0.10,0.90,159.75,4,4,0,0
0,25.36,88.41,23.21,0.10,0.90,159.75,4,5,1,80
0,25.36,88.41,23.21,0.10,0.90,159.75,4,6,1,100
0,25.36,88.41,23.21,0.10,0.90,159.75,4,7,1,75
0,25.36,88.41,23.21,0.10,0.90,159.75,4,8,1,95
0,25.36,88.41,23.21,0.10,0.90,159.75,4,9,1,80
0,25.36,88.41,23.21,0.10,0.90,159.75,4,10,1,100
0,25.36,88.41,23.21,0.10,0.90,159.75,5,1,0,0
0,25.36,88.41,23.21,0.10,0.90,159.75,5,2,1,30
0,25.36,88.41,23.21,0.10,0.90,159.75,5,3,1,100
0,25.36,88.41,23.21,0.10,0.90,159.75,5,4,1,30
0,25.36,88.41,23.21,0.10,0.90,159.75,5,5,1,80
0,25.36,88.41,23.21,0.10,0.90,159.75,5,6,1,75
0,25.36,88.41,23.21,0.10,0.90,159.75,5,7,1,80
0,25.36,88.41,23.21,0.10,0.90,159.75,5,8,0,0
0,25.36,88.41,23.21,0.10,0.90,159.75,5,9,0,0
0,25.36,88.41,23.21,0.10,0.90,159.75,5,10,1,90
0,25.36,88.41,23.21,0.10,0.90,159.75,6,1,1,5
0,25.36,88.41,23.21,0.10,0.90,159.75,6,2,1,95
0,25.36,88.41,23.21,0.10,0.90,159.75,6,3,1,25
0,25.36,88.41,23.21,0.10,0.90,159.75,6,4,1,95
0,25.36,88.41,23.21,0.10,0.90,159.75,6,5,1,100
0,25.36,88.41,23.21,0.10,0.90,159.75,6,6,1,80
0,25.36,88.41,23.21,0.10,0.90,159.75,6,7,1,90
0,25.36,88.41,23.21,0.10,0.90,159.75,6,8,1,100
0,25.36,88.41,23.21,0.10,0.90,159.75,6,9,1,100
0,25.36,88.41,23.21,0.10,0.90,159.75,6,10,1,100
0,25.36,88.41,23.21,0.10,0.90,159.75,7,1,1,10
0,25.36,88.41,23.21,0.10,0.90,159.75,7,2,1,15
0,25.36,88.41,23.21,0.10,0.90,159.75,7,3,0,0
0,25.36,88.41,23.21,0.10,0.90,159.75,7,4,1,75
0,25.36,88.41,23.21,0.10,0.90,159.75,7,5,1,100
0,25.36,88.41,23.21,0.10,0.90,159.75,7,6,0,0
0,25.36,88.41,23.21,0.10,0.90,159.75,7,7,1,15
0,25.36,88.41,23.21,0.10,0.90,159.75,7,8,0,0
0,25.36,88.41,23.21,0.10,0.90,159.75,7,9,1,30
0,25.36,88.41,23.21,0.10,0.90,159.75,7,10,1,100
0,25.36,88.41,23.21,0.10,0.90,159.75,8,1,0,0
0,25.36,88.41,23.21,0.10,0.90,159.75,8,2,0,0
0,25.36,88.41,23.21,0.10,0.90,159.75,8,3,0,0
0,25.36,88.41,23.21,0.10,0.90,159.75,8,4,1,75
0,25.36,88.41,23.21,0.10,0.90,159.75,8,5,1,80
0,25.36,88.41,23.21,0.10,0.90,159.75,8,6,1,10
0,25.36,88.41,23.21,0.10,0.90,159.75,8,7,1,75
0,25.36,88.41,23.21,0.10,0.90,159.75,8,8,1,100
0,25.36,88.41,23.21,0.10,0.90,159.75,8,9,0,0
0,25.36,88.41,23.21,0.10,0.90,159.75,8,10,1,100
0,25.36,88.41,23.21,0.10,0.90,159.75,9,1,1,75
0,25.36,88.41,23.21,0.10,0.90,159.75,9,2,1,75
0,25.36,88.41,23.21,0.10,0.90,159.75,9,3,0,0
0,25.36,88.41,23.21,0.10,0.90,159.75,9,4,1,100
0,25.36,88.41,23.21,0.10,0.90,159.75,9,5,1,80
0,25.36,88.41,23.21,0.10,0.90,159.75,9,6,1,75
0,25.36,88.41,23.21,0.10,0.90,159.75,9,7,1,100
0,25.36,88.41,23.21,0.10,0.90,159.75,9,8,1,100
0,25.36,88.41,23.21,0.10,0.90,159.75,9,9,0,0
0,25.36,88.41,23.21,0.10,0.90,159.75,9,10,0,0
0,25.36,88.41,23.21,0.10,0.90,159.75,10,1,1,100
0,25.36,88.41,23.21,0.10,0.90,159.75,10,2,0,0
0,25.36,88.41,23.21,0.10,0.90,159.75,10,3,1,5
0,25.36,88.41,23.21,0.10,0.90,159.75,10,4,0,0
0,25.36,88.41,23.21,0.10,0.90,159.75,10,5,1,90
0,25.36,88.41,23.21,0.10,0.90,159.75,10,6,0,0
0,25.36,88.41,23.21,0.10,0.90,159.75,10,7,0,0
0,25.36,88.41,23.21,0.10,0.90,159.75,10,8,1,100
0,25.36,88.41,23.21,0.10,0.90,159.75,10,9,1,100
0,25.36,88.41,23.21,0.10,0.90,159.75,10,10,1,5
0,26.88,83.36,23.55,0.04,0.70,106.89,1,1,1,100
0,26.88,83.36,23.55,0.04,0.70,106.89,1,2,1,75
0,26.88,83.36,23.55,0.04,0.70,106.89,1,3,1,100
0,26.88,83.36,23.55,0.04,0.70,106.89,1,4,0,0
0,26.88,83.36,23.55,0.04,0.70,106.89,1,5,1,80
0,26.88,83.36,23.55,0.04,0.70,106.89,1,6,1,35
0,26.88,83.36,23.55,0.04,0.70,106.89,1,7,1,100
0,26.88,83.36,23.55,0.04,0.70,106.89,1,8,1,75
0,26.88,83.36,23.55,0.04,0.70,106.89,1,9,1,90
0,26.88,83.36,23.55,0.04,0.70,106.89,1,10,0,0
0,26.88,83.36,23.55,0.04,0.70,106.89,2,1,1,90
0,26.88,83.36,23.55,0.04,0.70,106.89,2,2,1,100
0,26.88,83.36,23.55,0.04,0.70,106.89,2,3,1,100
0,26.88,83.36,23.55,0.04,0.70,106.89,2,4,1,100
0,26.88,83.36,23.55,0.04,0.70,106.89,2,5,0,0
0,26.88,83.36,23.55,0.04,0.70,106.89,2,6,1,80
0,26.88,83.36,23.55,0.04,0.70,106.89,2,7,1,100
0,26.88,83.36,23.55,0.04,0.70,106.89,2,8,1,90
0,26.88,83.36,23.55,0.04,0.70,106.89,2,9,1,100
0,26.88,83.36,23.55,0.04,0.70,106.89,2,10,1,100
0,26.88,83.36,23.55,0.04,0.70,106.89,3,1,1,45
0,26.88,83.36,23.55,0.04,0.70,106.89,3,2,1,80
0,26.88,83.36,23.55,0.04,0.70,106.89,3,3,0,0
0,26.88,83.36,23.55,0.04,0.70,106.89,3,4,1,45
0,26.88,83.36,23.55,0.04,0.70,106.89,3,5,0,0
0,26.88,83.36,23.55,0.04,0.70,106.89,3,6,1,100
0,26.88,83.36,23.55,0.04,0.70,106.89,3,7,1,80
0,26.88,83.36,23.55,0.04,0.70,106.89,3,8,1,80
0,26.88,83.36,23.55,0.04,0.70,106.89,3,9,1,75
0,26.88,83.36,23.55,0.04,0.70,106.89,3,10,1,100
0,26.88,83.36,23.55,0.04,0.70,106.89,4,1,1,75
0,26.88,83.36,23.55,0.04,0.70,106.89,4,2,0,0
0,26.88,83.36,23.55,0.04,0.70,106.89,4,3,1,75
0,26.88,83.36,23.55,0.04,0.70,106.89,4,4,0,0
0,26.88,83.36,23.55,0.04,0.70,106.89,4,5,1,80
0,26.88,83.36,23.55,0.04,0.70,106.89,4,6,1,100
0,26.88,83.36,23.55,0.04,0.70,106.89,4,7,1,75
0,26.88,83.36,23.55,0.04,0.70,106.89,4,8,1,95
0,26.88,83.36,23.55,0.04,0.70,106.89,4,9,1,80
0,26.88,83.36,23.55,0.04,0.70,106.89,4,10,1,100
0,26.88,83.36,23.55,0.04,0.70,106.89,5,1,0,0
0,26.88,83.36,23.55,0.04,0.70,106.89,5,2,1,30
0,26.88,83.36,23.55,0.04,0.70,106.89,5,3,1,100
0,26.88,83.36,23.55,0.04,0.70,106.89,5,4,1,30
0,26.88,83.36,23.55,0.04,0.70,106.89,5,5,1,80
0,26.88,83.36,23.55,0.04,0.70,106.89,5,6,1,75
0,26.88,83.36,23.55,0.04,0.70,106.89,5,7,1,80
0,26.88,83.36,23.55,0.04,0.70,106.89,5,8,0,0
0,26.88,83.36,23.55,0.04,0.70,106.89,5,9,0,0
0,26.88,83.36,23.55,0.04,0.70,106.89,5,10,1,90
0,26.88,83.36,23.55,0.04,0.70,106.89,6,1,1,30
0,26.88,83.36,23.55,0.04,0.70,106.89,6,2,1,95
0,26.88,83.36,23.55,0.04,0.70,106.89,6,3,1,65
0,26.88,83.36,23.55,0.04,0.70,106.89,6,4,1,95
0,26.88,83.36,23.55,0.04,0.70,106.89,6,5,1,100
0,26.88,83.36,23.55,0.04,0.70,106.89,6,6,1,80
0,26.88,83.36,23.55,0.04,0.70,106.89,6,7,1,90
0,26.88,83.36,23.55,0.04,0.70,106.89,6,8,1,100
0,26.88,83.36,23.55,0.04,0.70,106.89,6,9,1,100
0,26.88,83.36,23.55,0.04,0.70,106.89,6,10,1,100
0,26.88,83.36,23.55,0.04,0.70,106.89,7,1,1,55
0,26.88,83.36,23.55,0.04,0.70,106.89,7,2,1,65
0,26.88,83.36,23.55,0.04,0.70,106.89,7,3,0,0
0,26.88,83.36,23.55,0.04,0.70,106.89,7,4,1,75
0,26.88,83.36,23.55,0.04,0.70,106.89,7,5,1,100
0,26.88,83.36,23.55,0.04,0.70,106.89,7,6,0,0
0,26.88,83.36,23.55,0.04,0.70,106.89,7,7,1,50
0,26.88,83.36,23.55,0.04,0.70,106.89,7,8,0,0
0,26.88,83.36,23.55,0.04,0.70,106.89,7,9,1,30
0,26.88,83.36,23.55,0.04,0.70,106.89,7,10,1,100
0,26.88,83.36,23.55,0.04,0.70,106.89,8,1,0,0
0,26.88,83.36,23.55,0.04,0.70,106.89,8,2,0,0
0,26.88,83.36,23.55,0.04,0.70,106.89,8,3,0,0
0,26.88,83.36,23.55,0.04,0.70,106.89,8,4,1,75
0,26.88,83.36,23.55,0.04,0.70,106.89,8,5,1,80
0,26.88,83.36,23.55,0.04,0.70,106.89,8,6,1,45
0,26.88,83.36,23.55,0.04,0.70,106.89,8,7,1,75
0,26.88,83.36,23.55,0.04,0.70,106.89,8,8,1,100
0,26.88,83.36,23.55,0.04,0.70,106.89,8,9,0,0
0,26.88,83.36,23.55,0.04,0.70,106.89,8,10,1,100
0,26.88,83.36,23.55,0.04,0.70,106.89,9,1,1,75
0,26.88,83.36,23.55,0.04,0.70,106.89,9,2,1,75
0,26.88,83.36,23.55,0.04,0.70,106.89,9,3,0,0
0,26.88,83.36,23.55,0.04,0.70,106.89,9,4,1,100
0,26.88,83.36,23.55,0.04,0.70,106.89,9,5,1,80
0,26.88,83.36,23.55,0.04,0.70,106.89,9,6,1,75
0,26.88,83.36,23.55,0.04,0.70,106.89,9,7,1,100
0,26.88,83.36,23.55,0.04,0.70,106.89,9,8,1,100
0,26.88,83.36,23.55,0.04,0.70,106.89,9,9,0,0
0,26.88,83.36,23.55,0.04,0.70,106.89,9,10,0,0
0,26.88,83.36,23.55,0.04,0.70,106.89,10,1,1,100
0,26.88,83.36,23.55,0.04,0.70,106.89,10,2,0,0
0,26.88,83.36,23.55,0.04,0.70,106.89,10,3,1,40
0,26.88,83.36,23.55,0.04,0.70,106.89,10,4,0,0
0,26.88,83.36,23.55,0.04,0.70,106.89,10,5,1,90
0,26.88,83.36,23.55,0.04,0.70,106.89,10,6,0,0
0,26.88,83.36,23.55,0.04,0.70,106.89,10,7,0,0
0,26.88,83.36,23.55,0.04,0.70,106.89,10,8,1,100
0,26.88,83.36,23.55,0.04,0.70,106.89,10,9,1,100
0,26.88,83.36,23.55,0.04,0.70,106.89,10,10,1,30
0,27.36,79.15,23.04,0.08,0.79,182.75,1,1,1,100
0,27.36,79.15,23.04,0.08,0.79,182.75,1,2,1,75
0,27.36,79.15,23.04,0.08,0.79,182.75,1,3,1,100
0,27.36,79.15,23.04,0.08,0.79,182.75,1,4,0,0
0,27.36,79.15,23.04,0.08,0.79,182.75,1,5,1,80
0,27.36,79.15,23.04,0.08,0.79,182.75,1,6,1,80
0,27.36,79.15,23.04,0.08,0.79,182.75,1,7,1,100
0,27.36,79.15,23.04,0.08,0.79,182.75,1,8,1,75
0,27.36,79.15,23.04,0.08,0.79,182.75,1,9,1,90
0,27.36,79.15,23.04,0.08,0.79,182.75,1,10,0,0
0,27.36,79.15,23.04,0.08,0.79,182.75,2,1,1,90
0,27.36,79.15,23.04,0.08,0.79,182.75,2,2,1,100
0,27.36,79.15,23.04,0.08,0.79,182.75,2,3,1,100
0,27.36,79.15,23.04,0.08,0.79,182.75,2,4,1,100
0,27.36,79.15,23.04,0.08,0.79,182.75,2,5,0,0
0,27.36,79.15,23.04,0.08,0.79,182.75,2,6,1,80
0,27.36,79.15,23.04,0.08,0.79,182.75,2,7,1,100
0,27.36,79.15,23.04,0.08,0.79,182.75,2,8,1,90
0,27.36,79.15,23.04,0.08,0.79,182.75,2,9,1,100
0,27.36,79.15,23.04,0.08,0.79,182.75,2,10,1,100
0,27.36,79.15,23.04,0.08,0.79,182.75,3,1,1,80
0,27.36,79.15,23.04,0.08,0.79,182.75,3,2,1,80
0,27.36,79.15,23.04,0.08,0.79,182.75,3,3,1,75
0,27.36,79.15,23.04,0.08,0.79,182.75,3,4,1,80
0,27.36,79.15,23.04,0.08,0.79,182.75,3,5,0,0
0,27.36,79.15,23.04,0.08,0.79,182.75,3,6,1,100
0,27.36,79.15,23.04,0.08,0.79,182.75,3,7,1,80
0,27.36,79.15,23.04,0.08,0.79,182.75,3,8,1,80
0,27.36,79.15,23.04,0.08,0.79,182.75,3,9,1,75
0,27.36,79.15,23.04,0.08,0.79,182.75,3,10,1,100
0,27.36,79.15,23.04,0.08,0.79,182.75,4,1,1,75
0,27.36,79.15,23.04,0.08,0.79,182.75,4,2,0,0
0,27.36,79.15,23.04,0.08,0.79,182.75,4,3,1,75
0,27.36,79.15,23.04,0.08,0.79,182.75,4,4,0,0
0,27.36,79.15,23.04,0.08,0.79,182.75,4,5,1,80
0,27.36,79.15,23.04,0.08,0.79,182.75,4,6,1,100
0,27.36,79.15,23.04,0.08,0.79,182.75,4,7,1,75
0,27.36,79.15,23.04,0.08,0.79,182.75,4,8,1,95
0,27.36,79.15,23.04,0.08,0.79,182.75,4,9,1,80
0,27.36,79.15,23.04,0.08,0.79,182.75,4,10,1,100
0,27.36,79.15,23.04,0.08,0.79,182.75,5,1,1,78
0,27.36,79.15,23.04,0.08,0.79,182.75,5,2,1,100
0,27.36,79.15,23.04,0.08,0.79,182.75,5,3,1,100
0,27.36,79.15,23.04,0.08,0.79,182.75,5,4,1,30
0,27.36,79.15,23.04,0.08,0.79,182.75,5,5,1,80
0,27.36,79.15,23.04,0.08,0.79,182.75,5,6,1,75
0,27.36,79.15,23.04,0.08,0.79,182.75,5,7,1,80
0,27.36,79.15,23.04,0.08,0.79,182.75,5,8,0,0
0,27.36,79.15,23.04,0.08,0.79,182.75,5,9,0,0
0,27.36,79.15,23.04,0.08,0.79,182.75,5,10,1,90
0,27.36,79.15,23.04,0.08,0.79,182.75,6,1,1,75
0,27.36,79.15,23.04,0.08,0.79,182.75,6,2,1,95
0,27.36,79.15,23.04,0.08,0.79,182.75,6,3,1,80
0,27.36,79.15,23.04,0.08,0.79,182.75,6,4,1,95
0,27.36,79.15,23.04,0.08,0.79,182.75,6,5,1,100
0,27.36,79.15,23.04,0.08,0.79,182.75,6,6,1,80
0,27.36,79.15,23.04,0.08,0.79,182.75,6,7,1,90
0,27.36,79.15,23.04,0.08,0.79,182.75,6,8,1,100
0,27.36,79.15,23.04,0.08,0.79,182.75,6,9,1,100
0,27.36,79.15,23.04,0.08,0.79,182.75,6,10,1,100
0,27.36,79.15,23.04,0.08,0.79,182.75,7,1,1,100
0,27.36,79.15,23.04,0.08,0.79,182.75,7,2,1,75
0,27.36,79.15,23.04,0.08,0.79,182.75,7,3,1,75
0,27.36,79.15,23.04,0.08,0.79,182.75,7,4,1,75
0,27.36,79.15,23.04,0.08,0.79,182.75,7,5,1,80
0,27.36,79.15,23.04,0.08,0.79,182.75,7,6,1,80
0,27.36,79.15,23.04,0.08,0.79,182.75,7,7,1,75
0,27.36,79.15,23.04,0.08,0.79,182.75,7,8,1,100
0,27.36,79.15,23.04,0.08,0.79,182.75,7,9,1,90
0,27.36,79.15,23.04,0.08,0.79,182.75,7,10,1,100
0,27.36,79.15,23.04,0.08,0.79,182.75,8,1,0,0
0,27.36,79.15,23.04,0.08,0.79,182.75,8,2,1,80
0,27.36,79.15,23.04,0.08,0.79,182.75,8,3,1,75
0,27.36,79.15,23.04,0.08,0.79,182.75,8,4,1,75
0,27.36,79.15,23.04,0.08,0.79,182.75,8,5,1,80
0,27.36,79.15,23.04,0.08,0.79,182.75,8,6,1,80
0,27.36,79.15,23.04,0.08,0.79,182.75,8,7,1,75
0,27.36,79.15,23.04,0.08,0.79,182.75,8,8,1,100
0,27.36,79.15,23.04,0.08,0.79,182.75,8,9,1,90
0,27.36,79.15,23.04,0.08,0.79,182.75,8,10,1,100
0,27.36,79.15,23.04,0.08,0.79,182.75,9,1,1,75
0,27.36,79.15,23.04,0.08,0.79,182.75,9,2,1,75
0,27.36,79.15,23.04,0.08,0.79,182.75,9,3,0,0
0,27.36,79.15,23.04,0.08,0.79,182.75,9,4,1,100
0,27.36,79.15,23.04,0.08,0.79,182.75,9,5,1,80
0,27.36,79.15,23.04,0.08,0.79,182.75,9,6,1,75
0,27.36,79.15,23.04,0.08,0.79,182.75,9,7,1,100
0,27.36,79.15,23.04,0.08,0.79,182.75,9,8,1,100
0,27.36,79.15,23.04,0.08,0.79,182.75,9,9,0,0
0,27.36,79.15,23.04,0.08,0.79,182.75,9,10,0,0
0,27.36,79.15,23.04,0.08,0.79,182.75,10,1,1,100
0,27.36,79.15,23.04,0.08,0.79,182.75,10,2,1,100
0,27.36,79.15,23.04,0.08,0.79,182.75,10,3,1,75
0,27.36,79.15,23.04,0.08,0.79,182.75,10,4,1,75
0,27.36,79.15,23.04,0.08,0.79,182.75,10,5,1,90
0,27.36,79.15,23.04,0.08,0.79,182.75,10,6,0,0
0,27.36,79.15,23.04,0.08,0.79,182.75,10,7,0,0
0,27.36,79.15,23.04,0.08,0.79,182.75,10,8,1,100
0,27.36,79.15,23.04,0.08,0.79,182.75,10,9,1,100
0,27.36,79.15,23.04,0.08,0.79,182.75,10,10,1,75
0,25.37,87.48,23.07,0.02,0.71,210.08,1,1,0,0
0,25.37,87.48,23.07,0.02,0.71,210.08,1,2,0,0
0,25.37,87.48,23.07,0.02,0.71,210.08,1,3,0,0
0,25.37,87.48,23.07,0.02,0.71,210.08,1,4,0,0
0,25.37,87.48,23.07,0.02,0.71,210.08,1,5,1,80
0,25.37,87.48,23.07,0.02,0.71,210.08,1,6,0,0
0,25.37,87.48,23.07,0.02,0.71,210.08,1,7,0,0
0,25.37,87.48,23.07,0.02,0.71,210.08,1,8,0,0
0,25.37,87.48,23.07,0.02,0.71,210.08,1,9,0,0
0,25.37,87.48,23.07,0.02,0.71,210.08,1,10,0,0
0,25.37,87.48,23.07,0.02,0.71,210.08,2,1,0,0
0,25.37,87.48,23.07,0.02,0.71,210.08,2,2,0,0
0,25.37,87.48,23.07,0.02,0.71,210.08,2,3,0,0
0,25.37,87.48,23.07,0.02,0.71,210.08,2,4,0,0
0,25.37,87.48,23.07,0.02,0.71,210.08,2,5,0,0
0,25.37,87.48,23.07,0.02,0.71,210.08,2,6,0,0
0,25.37,87.48,23.07,0.02,0.71,210.08,2,7,0,0
0,25.37,87.48,23.07,0.02,0.71,210.08,2,8,0,0
0,25.37,87.48,23.07,0.02,0.71,210.08,2,9,0,0
0,25.37,87.48,23.07,0.02,0.71,210.08,2,10,0,0
0,25.37,87.48,23.07,0.02,0.71,210.08,3,1,0,0
0,25.37,87.48,23.07,0.02,0.71,210.08,3,2,0,0
0,25.37,87.48,23.07,0.02,0.71,210.08,3,3,0,0
0,25.37,87.48,23.07,0.02,0.71,210.08,3,4,0,0
0,25.37,87.48,23.07,0.02,0.71,210.08,3,5,0,0
0,25.37,87.48,23.07,0.02,0.71,210.08,3,6,0,0
0,25.37,87.48,23.07,0.02,0.71,210.08,3,7,0,0
0,25.37,87.48,23.07,0.02,0.71,210.08,3,8,0,0
0,25.37,87.48,23.07,0.02,0.71,210.08,3,9,0,0
0,25.37,87.48,23.07,0.02,0.71,210.08,3,10,0,0
0,25.37,87.48,23.07,0.02,0.71,210.08,4,1,0,0
0,25.37,87.48,23.07,0.02,0.71,210.08,4,2,0,0
0,25.37,87.48,23.07,0.02,0.71,210.08,4,3,0,0
0,25.37,87.48,23.07,0.02,0.71,210.08,4,4,0,0
0,25.37,87.48,23.07,0.02,0.71,210.08,4,5,0,0
0,25.37,87.48,23.07,0.02,0.71,210.08,4,6,0,0
0,25.37,87.48,23.07,0.02,0.71,210.08,4,7,0,0
0,25.37,87.48,23.07,0.02,0.71,210.08,4,8,0,0
0,25.37,87.48,23.07,0.02,0.71,210.08,4,9,0,0
0,25.37,87.48,23.07,0.02,0.71,210.08,4,10,0,0
0,25.37,87.48,23.07,0.02,0.71,210.08,5,1,0,0
0,25.37,87.48,23.07,0.02,0.71,210.08,5,2,0,0
0,25.37,87.48,23.07,0.02,0.71,210.08,5,3,0,0
0,25.37,87.48,23.07,0.02,0.71,210.08,5,4,1,80
0,25.37,87.48,23.07,0.02,0.71,210.08,5,5,0,0
0,25.37,87.48,23.07,0.02,0.71,210.08,5,6,0,0
0,25.37,87.48,23.07,0.02,0.71,210.08,5,7,0,0
0,25.37,87.48,23.07,0.02,0.71,210.08,5,8,0,0
0,25.37,87.48,23.07,0.02,0.71,210.08,5,9,0,0
0,25.37,87.48,23.07,0.02,0.71,210.08,5,10,0,0
0,25.37,87.48,23.07,0.02,0.71,210.08,6,1,0,0
0,25.37,87.48,23.07,0.02,0.71,210.08,6,2,0,0
0,25.37,87.48,23.07,0.02,0.71,210.08,6,3,0,0
0,25.37,87.48,23.07,0.02,0.71,210.08,6,4,0,0
0,25.37,87.48,23.07,0.02,0.71,210.08,6,5,0,0
0,25.37,87.48,23.07,0.02,0.71,210.08,6,6,0,0
0,25.37,87.48,23.07,0.02,0.71,210.08,6,7,0,0
0,25.37,87.48,23.07,0.02,0.71,210.08,6,8,0,0
0,25.37,87.48,23.07,0.02,0.71,210.08,6,9,0,0
0,25.37,87.48,23.07,0.02,0.71,210.08,6,10,0,0
0,25.37,87.48,23.07,0.02,0.71,210.08,7,1,0,0
0,25.37,87.48,23.07,0.02,0.71,210.08,7,2,0,0
0,25.37,87.48,23.07,0.02,0.71,210.08,7,3,0,0
0,25.37,87.48,23.07,0.02,0.71,210.08,7,4,0,0
0,25.37,87.48,23.07,0.02,0.71,210.08,7,5,0,0
0,25.37,87.48,23.07,0.02,0.71,210.08,7,6,0,0
0,25.37,87.48,23.07,0.02,0.71,210.08,7,7,0,0
0,25.37,87.48,23.07,0.02,0.71,210.08,7,8,0,0
0,25.37,87.48,23.07,0.02,0.71,210.08,7,9,0,0
0,25.37,87.48,23.07,0.02,0.71,210.08,7,10,0,0
0,25.37,87.48,23.07,0.02,0.71,210.08,8,1,0,0
0,25.37,87.48,23.07,0.02,0.71,210.08,8,2,0,0
0,25.37,87.48,23.07,0.02,0.71,210.08,8,3,0,0
0,25.37,87.48,23.07,0.02,0.71,210.08,8,4,0,0
0,25.37,87.48,23.07,0.02,0.71,210.08,8,5,0,0
0,25.37,87.48,23.07,0.02,0.71,210.08,8,6,0,0
0,25.37,87.48,23.07,0.02,0.71,210.08,8,7,0,0
0,25.37,87.48,23.07,0.02,0.71,210.08,8,8,0,0
0,25.37,87.48,23.07,0.02,0.71,210.08,8,9,0,0
0,25.37,87.48,23.07,0.02,0.71,210.08,8,10,0,0
0,25.37,87.48,23.07,0.02,0.71,210.08,9,1,0,0
0,25.37,87.48,23.07,0.02,0.71,210.08,9,2,0,0
0,25.37,87.48,23.07,0.02,0.71,210.08,9,3,0,0
0,25.37,87.48,23.07,0.02,0.71,210.08,9,4,0,0
0,25.37,87.48,23.07,0.02,0.71,210.08,9,5,0,0
0,25.37,87.48,23.07,0.02,0.71,210.08,9,6,0,0
0,25.37,87.48,23.07,0.02,0.71,210.08,9,7,0,0
0,25.37,87.48,23.07,0.02,0.71,210.08,9,8,0,0
0,25.37,87.48,23.07,0.02,0.71,210.08,9,9,0,0
0,25.37,87.48,23.07,0.02,0.71,210.08,9,10,0,0
0,25.37,87.48,23.07,0.02,0.71,210.08,10,1,0,0
0,25.37,87.48,23.07,0.02,0.71,210.08,10,2,0,0
0,25.37,87.48,23.07,0.02,0.71,210.08,10,3,0,0
0,25.37,87.48,23.07,0.02,0.71,210.08,10,4,0,0
0,25.37,87.48,23.07,0.02,0.71,210.08,10,5,0,0
0,25.37,87.48,23.07,0.02,0.71,210.08,10,6,0,0
0,25.37,87.48,23.07,0.02,0.71,210.08,10,7,0,0
0,25.37,87.48,23.07,0.02,0.71,210.08,10,8,0,0
0,25.37,87.48,23.07,0.02,0.71,210.08,10,9,0,0
0,25.37,87.48,23.07,0.02,0.71,210.08,10,10,0,0
0,24.37,89.03,22.44,0.11,0.97,203.53,1,1,0,0
0,24.37,89.03,22.44,0.11,0.97,203.53,1,2,0,0
0,24.37,89.03,22.44,0.11,0.97,203.53,1,3,0,0
0,24.37,89.03,22.44,0.11,0.97,203.53,1,4,0,0
0,24.37,89.03,22.44,0.11,0.97,203.53,1,5,1,80
0,24.37,89.03,22.44,0.11,0.97,203.53,1,6,0,0
0,24.37,89.03,22.44,0.11,0.97,203.53,1,7,0,0
0,24.37,89.03,22.44,0.11,0.97,203.53,1,8,0,0
0,24.37,89.03,22.44,0.11,0.97,203.53,1,9,0,0
0,24.37,89.03,22.44,0.11,0.97,203.53,1,10,0,0
0,24.37,89.03,22.44,0.11,0.97,203.53,2,1,0,0
0,24.37,89.03,22.44,0.11,0.97,203.53,2,2,0,0
0,24.37,89.03,22.44,0.11,0.97,203.53,2,3,0,0
0,24.37,89.03,22.44,0.11,0.97,203.53,2,4,0,0
0,24.37,89.03,22.44,0.11,0.97,203.53,2,5,0,0
0,24.37,89.03,22.44,0.11,0.97,203.53,2,6,0,0
0,24.37,89.03,22.44,0.11,0.97,203.53,2,7,0,0
0,24.37,89.03,22.44,0.11,0.97,203.53,2,8,0,0
0,24.37,89.03,22.44,0.11,0.97,203.53,2,9,0,0
0,24.37,89.03,22.44,0.11,0.97,203.53,2,10,0,0
0,24.37,89.03,22.44,0.11,0.97,203.53,3,1,1,100
0,24.37,89.03,22.44,0.11,0.97,203.53,3,2,1,10
0,24.37,89.03,22.44,0.11,0.97,203.53,3,3,1,95
0,24.37,89.03,22.44,0.11,0.97,203.53,3,4,0,0
0,24.37,89.03,22.44,0.11,0.97,203.53,3,5,0,0
0,24.37,89.03,22.44,0.11,0.97,203.53,3,6,0,0
0,24.37,89.03,22.44,0.11,0.97,203.53,3,7,0,0
0,24.37,89.03,22.44,0.11,0.97,203.53,3,8,0,0
0,24.37,89.03,22.44,0.11,0.97,203.53,3,9,0,0
0,24.37,89.03,22.44,0.11,0.97,203.53,3,10,0,0
0,24.37,89.03,22.44,0.11,0.97,203.53,4,1,0,0
0,24.37,89.03,22.44,0.11,0.97,203.53,4,2,0,0
0,24.37,89.03,22.44,0.11,0.97,203.53,4,3,0,0
0,24.37,89.03,22.44,0.11,0.97,203.53,4,4,0,0
0,24.37,89.03,22.44,0.11,0.97,203.53,4,5,0,0
0,24.37,89.03,22.44,0.11,0.97,203.53,4,6,0,0
0,24.37,89.03,22.44,0.11,0.97,203.53,4,7,0,0
0,24.37,89.03,22.44,0.11,0.97,203.53,4,8,0,0
0,24.37,89.03,22.44,0.11,0.97,203.53,4,9,0,0
0,24.37,89.03,22.44,0.11,0.97,203.53,4,10,0,0
0,24.37,89.03,22.44,0.11,0.97,203.53,5,1,0,0
0,24.37,89.03,22.44,0.11,0.97,203.53,5,2,0,0
0,24.37,89.03,22.44,0.11,0.97,203.53,5,3,0,0
0,24.37,89.03,22.44,0.11,0.97,203.53,5,4,1,80
0,24.37,89.03,22.44,0.11,0.97,203.53,5,5,0,0
0,24.37,89.03,22.44,0.11,0.97,203.53,5,6,0,0
0,24.37,89.03,22.44,0.11,0.97,203.53,5,7,0,0
0,24.37,89.03,22.44,0.11,0.97,203.53,5,8,0,0
0,24.37,89.03,22.44,0.11,0.97,203.53,5,9,0,0
0,24.37,89.03,22.44,0.11,0.97,203.53,5,10,1,100
0,24.37,89.03,22.44,0.11,0.97,203.53,6,1,0,0
0,24.37,89.03,22.44,0.11,0.97,203.53,6,2,0,0
0,24.37,89.03,22.44,0.11,0.97,203.53,6,3,0,0
0,24.37,89.03,22.44,0.11,0.97,203.53,6,4,0,0
0,24.37,89.03,22.44,0.11,0.97,203.53,6,5,0,0
0,24.37,89.03,22.44,0.11,0.97,203.53,6,6,0,0
0,24.37,89.03,22.44,0.11,0.97,203.53,6,7,0,0
0,24.37,89.03,22.44,0.11,0.97,203.53,6,8,0,0
0,24.37,89.03,22.44,0.11,0.97,203.53,6,9,0,0
0,24.37,89.03,22.44,0.11,0.97,203.53,6,10,0,0
0,24.37,89.03,22.44,0.11,0.97,203.53,7,1,0,0
0,24.37,89.03,22.44,0.11,0.97,203.53,7,2,0,0
0,24.37,89.03,22.44,0.11,0.97,203.53,7,3,0,0
0,24.37,89.03,22.44,0.11,0.97,203.53,7,4,0,0
0,24.37,89.03,22.44,0.11,0.97,203.53,7,5,0,0
0,24.37,89.03,22.44,0.11,0.97,203.53,7,6,0,0
0,24.37,89.03,22.44,0.11,0.97,203.53,7,7,0,0
0,24.37,89.03,22.44,0.11,0.97,203.53,7,8,0,0
0,24.37,89.03,22.44,0.11,0.97,203.53,7,9,0,0
0,24.37,89.03,22.44,0.11,0.97,203.53,7,10,0,0
0,24.37,89.03,22.44,0.11,0.97,203.53,8,1,0,0
0,24.37,89.03,22.44,0.11,0.97,203.53,8,2,0,0
0,24.37,89.03,22.44,0.11,0.97,203.53,8,3,0,0
0,24.37,89.03,22.44,0.11,0.97,203.53,8,4,0,0
0,24.37,89.03,22.44,0.11,0.97,203.53,8,5,0,0
0,24.37,89.03,22.44,0.11,0.97,203.53,8,6,0,0
0,24.37,89.03,22.44,0.11,0.97,203.53,8,7,0,0
0,24.37,89.03,22.44,0.11,0.97,203.53,8,8,0,0
0,24.37,89.03,22.44,0.11,0.97,203.53,8,9,0,0
0,24.37,89.03,22.44,0.11,0.97,203.53,8,10,0,0
0,24.37,89.03,22.44,0.11,0.97,203.53,9,1,0,0
0,24.37,89.03,22.44,0.11,0.97,203.53,9,2,0,0
0,24.37,89.03,22.44,0.11,0.97,203.53,9,3,0,0
0,24.37,89.03,22.44,0.11,0.97,203.53,9,4,0,0
0,24.37,89.03,22.44,0.11,0.97,203.53,9,5,0,0
0,24.37,89.03,22.44,0.11,0.97,203.53,9,6,0,0
0,24.37,89.03,22.44,0.11,0.97,203.53,9,7,0,0
0,24.37,89.03,22.44,0.11,0.97,203.53,9,8,0,0
0,24.37,89.03,22.44,0.11,0.97,203.53,9,9,0,0
0,24.37,89.03,22.44,0.11,0.97,203.53,9,10,0,0
0,24.37,89.03,22.44,0.11,0.97,203.53,10,1,0,0
0,24.37,89.03,22.44,0.11,0.97,203.53,10,2,0,0
0,24.37,89.03,22.44,0.11,0.97,203.53,10,3,0,0
0,24.37,89.03,22.44,0.11,0.97,203.53,10,4,0,0
0,24.37,89.03,22.44,0.11,0.97,203.53,10,5,0,0
0,24.37,89.03,22.44,0.11,0.97,203.53,10,6,0,0
0,24.37,89.03,22.44,0.11,0.97,203.53,10,7,0,0
0,24.37,89.03,22.44,0.11,0.97,203.53,10,8,0,0
0,24.37,89.03,22.44,0.11,0.97,203.53,10,9,0,0
0,24.37,89.03,22.44,0.11,0.97,203.53,10,10,0,0
0,27.24,78.99,22.79,0.07,0.69,102.44,1,1,0,0
0,27.24,78.99,22.79,0.07,0.69,102.44,1,2,0,0
0,27.24,78.99,22.79,0.07,0.69,102.44,1,3,0,0
0,27.24,78.99,22.79,0.07,0.69,102.44,1,4,0,0
0,27.24,78.99,22.79,0.07,0.69,102.44,1,5,1,80
0,27.24,78.99,22.79,0.07,0.69,102.44,1,6,0,0
0,27.24,78.99,22.79,0.07,0.69,102.44,1,7,0,0
0,27.24,78.99,22.79,0.07,0.69,102.44,1,8,0,0
0,27.24,78.99,22.79,0.07,0.69,102.44,1,9,0,0
0,27.24,78.99,22.79,0.07,0.69,102.44,1,10,0,0
0,27.24,78.99,22.79,0.07,0.69,102.44,2,1,0,0
0,27.24,78.99,22.79,0.07,0.69,102.44,2,2,0,0
0,27.24,78.99,22.79,0.07,0.69,102.44,2,3,0,0
0,27.24,78.99,22.79,0.07,0.69,102.44,2,4,0,0
0,27.24,78.99,22.79,0.07,0.69,102.44,2,5,0,0
0,27.24,78.99,22.79,0.07,0.69,102.44,2,6,0,0
0,27.24,78.99,22.79,0.07,0.69,102.44,2,7,0,0
0,27.24,78.99,22.79,0.07,0.69,102.44,2,8,0,0
0,27.24,78.99,22.79,0.07,0.69,102.44,2,9,0,0
0,27.24,78.99,22.79,0.07,0.69,102.44,2,10,0,0
0,27.24,78.99,22.79,0.07,0.69,102.44,3,1,1,100
0,27.24,78.99,22.79,0.07,0.69,102.44,3,2,1,10
0,27.24,78.99,22.79,0.07,0.69,102.44,3,3,1,95
0,27.24,78.99,22.79,0.07,0.69,102.44,3,4,0,0
0,27.24,78.99,22.79,0.07,0.69,102.44,3,5,0,0
0,27.24,78.99,22.79,0.07,0.69,102.44,3,6,0,0
0,27.24,78.99,22.79,0.07,0.69,102.44,3,7,0,0
0,27.24,78.99,22.79,0.07,0.69,102.44,3,8,0,0
0,27.24,78.99,22.79,0.07,0.69,102.44,3,9,0,0
0,27.24,78.99,22.79,0.07,0.69,102.44,3,10,0,0
0,27.24,78.99,22.79,0.07,0.69,102.44,4,1,0,0
0,27.24,78.99,22.79,0.07,0.69,102.44,4,2,0,0
0,27.24,78.99,22.79,0.07,0.69,102.44,4,3,0,0
0,27.24,78.99,22.79,0.07,0.69,102.44,4,4,0,0
0,27.24,78.99,22.79,0.07,0.69,102.44,4,5,0,0
0,27.24,78.99,22.79,0.07,0.69,102.44,4,6,0,0
0,27.24,78.99,22.79,0.07,0.69,102.44,4,7,0,0
0,27.24,78.99,22.79,0.07,0.69,102.44,4,8,0,0
0,27.24,78.99,22.79,0.07,0.69,102.44,4,9,0,0
0,27.24,78.99,22.79,0.07,0.69,102.44,4,10,0,0
0,27.24,78.99,22.79,0.07,0.69,102.44,5,1,0,0
0,27.24,78.99,22.79,0.07,0.69,102.44,5,2,0,0
0,27.24,78.99,22.79,0.07,0.69,102.44,5,3,0,0
0,27.24,78.99,22.79,0.07,0.69,102.44,5,4,1,80
0,27.24,78.99,22.79,0.07,0.69,102.44,5,5,0,0
0,27.24,78.99,22.79,0.07,0.69,102.44,5,6,0,0
0,27.24,78.99,22.79,0.07,0.69,102.44,5,7,0,0
0,27.24,78.99,22.79,0.07,0.69,102.44,5,8,0,0
0,27.24,78.99,22.79,0.07,0.69,102.44,5,9,0,0
0,27.24,78.99,22.79,0.07,0.69,102.44,5,10,1,100
0,27.24,78.99,22.79,0.07,0.69,102.44,6,1,0,0
0,27.24,78.99,22.79,0.07,0.69,102.44,6,2,0,0
0,27.24,78.99,22.79,0.07,0.69,102.44,6,3,0,0
0,27.24,78.99,22.79,0.07,0.69,102.44,6,4,0,0
0,27.24,78.99,22.79,0.07,0.69,102.44,6,5,0,0
0,27.24,78.99,22.79,0.07,0.69,102.44,6,6,0,0
0,27.24,78.99,22.79,0.07,0.69,102.44,6,7,0,0
0,27.24,78.99,22.79,0.07,0.69,102.44,6,8,0,0
0,27.24,78.99,22.79,0.07,0.69,102.44,6,9,0,0
0,27.24,78.99,22.79,0.07,0.69,102.44,6,10,0,0
0,27.24,78.99,22.79,0.07,0.69,102.44,7,1,0,0
0,27.24,78.99,22.79,0.07,0.69,102.44,7,2,0,0
0,27.24,78.99,22.79,0.07,0.69,102.44,7,3,0,0
0,27.24,78.99,22.79,0.07,0.69,102.44,7,4,0,0
0,27.24,78.99,22.79,0.07,0.69,102.44,7,5,0,0
0,27.24,78.99,22.79,0.07,0.69,102.44,7,6,0,0
0,27.24,78.99,22.79,0.07,0.69,102.44,7,7,0,0
0,27.24,78.99,22.79,0.07,0.69,102.44,7,8,0,0
0,27.24,78.99,22.79,0.07,0.69,102.44,7,9,0,0
0,27.24,78.99,22.79,0.07,0.69,102.44,7,10,0,0
0,27.24,78.99,22.79,0.07,0.69,102.44,8,1,0,0
0,27.24,78.99,22.79,0.07,0.69,102.44,8,2,0,0
0,27.24,78.99,22.79,0.07,0.69,102.44,8,3,0,0
0,27.24,78.99,22.79,0.07,0.69,102.44,8,4,0,0
0,27.24,78.99,22.79,0.07,0.69,102.44,8,5,0,0
0,27.24,78.99,22.79,0.07,0.69,102.44,8,6,0,0
0,27.24,78.99,22.79,0.07,0.69,102.44,8,7,0,0
0,27.24,78.99,22.79,0.07,0.69,102.44,8,8,0,0
0,27.24,78.99,22.79,0.07,0.69,102.44,8,9,0,0
0,27.24,78.99,22.79,0.07,0.69,102.44,8,10,0,0
0,27.24,78.99,22.79,0.07,0.69,102.44,9,1,0,0
0,27.24,78.99,22.79,0.07,0.69,102.44,9,2,0,0
0,27.24,78.99,22.79,0.07,0.69,102.44,9,3,0,0
0,27.24,78.99,22.79,0.07,0.69,102.44,9,4,0,0
0,27.24,78.99,22.79,0.07,0.69,102.44,9,5,0,0
0,27.24,78.99,22.79,0.07,0.69,102.44,9,6,0,0
0,27.24,78.99,22.79,0.07,0.69,102.44,9,7,0,0
0,27.24,78.99,22.79,0.07,0.69,102.44,9,8,0,0
0,27.24,78.99,22.79,0.07,0.69,102.44,9,9,0,0
0,27.24,78.99,22.79,0.07,0.69,102.44,9,10,0,0
0,27.24,78.99,22.79,0.07,0.69,102.44,10,1,1,100
0,27.24,78.99,22.79,0.07,0.69,102.44,10,2,0,0
0,27.24,78.99,22.79,0.07,0.69,102.44,10,3,0,0
0,27.24,78.99,22.79,0.07,0.69,102.44,10,4,0,0
0,27.24,78.99,22.79,0.07,0.69,102.44,10,5,0,0
0,27.24,78.99,22.79,0.07,0.69,102.44,10,6,0,0
0,27.24,78.99,22.79,0.07,0.69,102.44,10,7,0,0
0,27.24,78.99,22.79,0.07,0.69,102.44,10,8,0,0
0,27.24,78.99,22.79,0.07,0.69,102.44,10,9,0,0
0,27.24,78.99,22.79,0.07,0.69,102.44,10,10,0,0
0,25.19,80.39,20.97,0.04,0.60,161.47,1,1,1,75
0,25.19,80.39,20.97,0.04,0.60,161.47,1,2,0,0
0,25.19,80.39,20.97,0.04,0.60,161.47,1,3,0,0
0,25.19,80.39,20.97,0.04,0.60,161.47,1,4,1,10
0,25.19,80.39,20.97,0.04,0.60,161.47,1,5,1,80
0,25.19,80.39,20.97,0.04,0.60,161.47,1,6,1,75
0,25.19,80.39,20.97,0.04,0.60,161.47,1,7,1,85
0,25.19,80.39,20.97,0.04,0.60,161.47,1,8,1,100
0,25.19,80.39,20.97,0.04,0.60,161.47,1,9,1,15
0,25.19,80.39,20.97,0.04,0.60,161.47,1,10,0,0
0,25.19,80.39,20.97,0.04,0.60,161.47,2,1,0,0
0,25.19,80.39,20.97,0.04,0.60,161.47,2,2,0,0
0,25.19,80.39,20.97,0.04,0.60,161.47,2,3,1,5
0,25.19,80.39,20.97,0.04,0.60,161.47,2,4,0,0
0,25.19,80.39,20.97,0.04,0.60,161.47,2,5,1,25
0,25.19,80.39,20.97,0.04,0.60,161.47,2,6,0,0
0,25.19,80.39,20.97,0.04,0.60,161.47,2,7,1,20
0,25.19,80.39,20.97,0.04,0.60,161.47,2,8,0,0
0,25.19,80.39,20.97,0.04,0.60,161.47,2,9,1,15
0,25.19,80.39,20.97,0.04,0.60,161.47,2,10,1,20
0,25.19,80.39,20.97,0.04,0.60,161.47,3,1,0,0
0,25.19,80.39,20.97,0.04,0.60,161.47,3,2,0,0
0,25.19,80.39,20.97,0.04,0.60,161.47,3,3,1,100
0,25.19,80.39,20.97,0.04,0.60,161.47,3,4,0,0
0,25.19,80.39,20.97,0.04,0.60,161.47,3,5,1,5
0,25.19,80.39,20.97,0.04,0.60,161.47,3,6,1,15
0,25.19,80.39,20.97,0.04,0.60,161.47,3,7,1,18
0,25.19,80.39,20.97,0.04,0.60,161.47,3,8,1,10
0,25.19,80.39,20.97,0.04,0.60,161.47,3,9,1,5
0,25.19,80.39,20.97,0.04,0.60,161.47,3,10,0,0
0,25.19,80.39,20.97,0.04,0.60,161.47,4,1,0,0
0,25.19,80.39,20.97,0.04,0.60,161.47,4,2,1,22
0,25.19,80.39,20.97,0.04,0.60,161.47,4,3,1,75
0,25.19,80.39,20.97,0.04,0.60,161.47,4,4,1,80
0,25.19,80.39,20.97,0.04,0.60,161.47,4,5,0,0
0,25.19,80.39,20.97,0.04,0.60,161.47,4,6,1,20
0,25.19,80.39,20.97,0.04,0.60,161.47,4,7,1,13
0,25.19,80.39,20.97,0.04,0.60,161.47,4,8,1,85
0,25.19,80.39,20.97,0.04,0.60,161.47,4,9,1,25
0,25.19,80.39,20.97,0.04,0.60,161.47,4,10,1,14
0,25.19,80.39,20.97,0.04,0.60,161.47,5,1,0,0
0,25.19,80.39,20.97,0.04,0.60,161.47,5,2,1,100
0,25.19,80.39,20.97,0.04,0.60,161.47,5,3,1,80
0,25.19,80.39,20.97,0.04,0.60,161.47,5,4,1,85
0,25.19,80.39,20.97,0.04,0.60,161.47,5,5,1,90
0,25.19,80.39,20.97,0.04,0.60,161.47,5,6,1,100
0,25.19,80.39,20.97,0.04,0.60,161.47,5,7,1,80
0,25.19,80.39,20.97,0.04,0.60,161.47,5,8,1,80
0,25.19,80.39,20.97,0.04,0.60,161.47,5,9,1,100
0,25.19,80.39,20.97,0.04,0.60,161.47,5,10,1,75
0,25.19,80.39,20.97,0.04,0.60,161.47,6,1,0,0
0,25.19,80.39,20.97,0.04,0.60,161.47,6,2,0,0
0,25.19,80.39,20.97,0.04,0.60,161.47,6,3,1,12
0,25.19,80.39,20.97,0.04,0.60,161.47,6,4,1,5
0,25.19,80.39,20.97,0.04,0.60,161.47,6,5,1,10
0,25.19,80.39,20.97,0.04,0.60,161.47,6,6,0,0
0,25.19,80.39,20.97,0.04,0.60,161.47,6,7,0,0
0,25.19,80.39,20.97,0.04,0.60,161.47,6,8,0,0
0,25.19,80.39,20.97,0.04,0.60,161.47,6,9,0,0
0,25.19,80.39,20.97,0.04,0.60,161.47,6,10,0,0
0,25.19,80.39,20.97,0.04,0.60,161.47,7,1,0,0
0,25.19,80.39,20.97,0.04,0.60,161.47,7,2,0,0
0,25.19,80.39,20.97,0.04,0.60,161.47,7,3,0,0
0,25.19,80.39,20.97,0.04,0.60,161.47,7,4,0,0
0,25.19,80.39,20.97,0.04,0.60,161.47,7,5,0,0
0,25.19,80.39,20.97,0.04,0.60,161.47,7,6,0,0
0,25.19,80.39,20.97,0.04,0.60,161.47,7,7,0,0
0,25.19,80.39,20.97,0.04,0.60,161.47,7,8,0,0
0,25.19,80.39,20.97,0.04,0.60,161.47,7,9,1,15
0,25.19,80.39,20.97,0.04,0.60,161.47,7,10,0,0
0,25.19,80.39,20.97,0.04,0.60,161.47,8,1,0,0
0,25.19,80.39,20.97,0.04,0.60,161.47,8,2,0,0
0,25.19,80.39,20.97,0.04,0.60,161.47,8,3,0,0
0,25.19,80.39,20.97,0.04,0.60,161.47,8,4,0,0
0,25.19,80.39,20.97,0.04,0.60,161.47,8,5,0,0
0,25.19,80.39,20.97,0.04,0.60,161.47,8,6,0,0
0,25.19,80.39,20.97,0.04,0.60,161.47,8,7,0,0
0,25.19,80.39,20.97,0.04,0.60,161.47,8,8,0,0
0,25.19,80.39,20.97,0.04,0.60,161.47,8,9,0,0
0,25.19,80.39,20.97,0.04,0.60,161.47,8,10,0,0
0,25.19,80.39,20.97,0.04,0.60,161.47,9,1,0,0
0,25.19,80.39,20.97,0.04,0.60,161.47,9,2,0,0
0,25.19,80.39,20.97,0.04,0.60,161.47,9,3,0,0
0,25.19,80.39,20.97,0.04,0.60,161.47,9,4,1,15
0,25.19,80.39,20.97,0.04,0.60,161.47,9,5,1,75
0,25.19,80.39,20.97,0.04,0.60,161.47,9,6,0,0
0,25.19,80.39,20.97,0.04,0.60,161.47,9,7,0,0
0,25.19,80.39,20.97,0.04,0.60,161.47,9,8,0,0
0,25.19,80.39,20.97,0.04,0.60,161.47,9,9,0,0
0,25.19,80.39,20.97,0.04,0.60,161.47,9,10,0,0
0,25.19,80.39,20.97,0.04,0.60,161.47,10,1,0,0
0,25.19,80.39,20.97,0.04,0.60,161.47,10,2,0,0
0,25.19,80.39,20.97,0.04,0.60,161.47,10,3,0,0
0,25.19,80.39,20.97,0.04,0.60,161.47,10,4,0,0
0,25.19,80.39,20.97,0.04,0.60,161.47,10,5,0,0
0,25.19,80.39,20.97,0.04,0.60,161.47,10,6,0,0
0,25.19,80.39,20.97,0.04,0.60,161.47,10,7,0,0
0,25.19,80.39,20.97,0.04,0.60,161.47,10,8,0,0
0,25.19,80.39,20.97,0.04,0.60,161.47,10,9,0,0
0,25.19,80.39,20.97,0.04,0.60,161.47,10,10,0,0
0,24.72,86.82,22.28,0.03,0.54,218.89,1,1,0,0
0,24.72,86.82,22.28,0.03,0.54,218.89,1,2,0,0
0,24.72,86.82,22.28,0.03,0.54,218.89,1,3,0,0
0,24.72,86.82,22.28,0.03,0.54,218.89,1,4,0,0
0,24.72,86.82,22.28,0.03,0.54,218.89,1,5,1,80
0,24.72,86.82,22.28,0.03,0.54,218.89,1,6,0,0
0,24.72,86.82,22.28,0.03,0.54,218.89,1,7,0,0
0,24.72,86.82,22.28,0.03,0.54,218.89,1,8,1,5
0,24.72,86.82,22.28,0.03,0.54,218.89,1,9,0,0
0,24.72,86.82,22.28,0.03,0.54,218.89,1,10,0,0
0,24.72,86.82,22.28,0.03,0.54,218.89,2,1,0,0
0,24.72,86.82,22.28,0.03,0.54,218.89,2,2,0,0
0,24.72,86.82,22.28,0.03,0.54,218.89,2,3,0,0
0,24.72,86.82,22.28,0.03,0.54,218.89,2,4,0,0
0,24.72,86.82,22.28,0.03,0.54,218.89,2,5,0,0
0,24.72,86.82,22.28,0.03,0.54,218.89,2,6,1,20
0,24.72,86.82,22.28,0.03,0.54,218.89,2,7,0,0
0,24.72,86.82,22.28,0.03,0.54,218.89,2,8,0,0
0,24.72,86.82,22.28,0.03,0.54,218.89,2,9,0,0
0,24.72,86.82,22.28,0.03,0.54,218.89,2,10,0,0
0,24.72,86.82,22.28,0.03,0.54,218.89,3,1,1,100
0,24.72,86.82,22.28,0.03,0.54,218.89,3,2,0,0
0,24.72,86.82,22.28,0.03,0.54,218.89,3,3,1,95
0,24.72,86.82,22.28,0.03,0.54,218.89,3,4,1,20
0,24.72,86.82,22.28,0.03,0.54,218.89,3,5,0,0
0,24.72,86.82,22.28,0.03,0.54,218.89,3,6,1,35
0,24.72,86.82,22.28,0.03,0.54,218.89,3,7,0,0
0,24.72,86.82,22.28,0.03,0.54,218.89,3,8,0,0
0,24.72,86.82,22.28,0.03,0.54,218.89,3,9,0,0
0,24.72,86.82,22.28,0.03,0.54,218.89,3,10,0,0
0,24.72,86.82,22.28,0.03,0.54,218.89,4,1,0,0
0,24.72,86.82,22.28,0.03,0.54,218.89,4,2,1,32
0,24.72,86.82,22.28,0.03,0.54,218.89,4,3,0,0
0,24.72,86.82,22.28,0.03,0.54,218.89,4,4,0,0
0,24.72,86.82,22.28,0.03,0.54,218.89,4,5,0,0
0,24.72,86.82,22.28,0.03,0.54,218.89,4,6,0,0
0,24.72,86.82,22.28,0.03,0.54,218.89,4,7,0,0
0,24.72,86.82,22.28,0.03,0.54,218.89,4,8,0,0
0,24.72,86.82,22.28,0.03,0.54,218.89,4,9,1,25
0,24.72,86.82,22.28,0.03,0.54,218.89,4,10,0,0
0,24.72,86.82,22.28,0.03,0.54,218.89,5,1,0,0
0,24.72,86.82,22.28,0.03,0.54,218.89,5,2,0,0
0,24.72,86.82,22.28,0.03,0.54,218.89,5,3,0,0
0,24.72,86.82,22.28,0.03,0.54,218.89,5,4,1,80
0,24.72,86.82,22.28,0.03,0.54,218.89,5,5,0,0
0,24.72,86.82,22.28,0.03,0.54,218.89,5,6,0,0
0,24.72,86.82,22.28,0.03,0.54,218.89,5,7,0,0
0,24.72,86.82,22.28,0.03,0.54,218.89,5,8,0,0
0,24.72,86.82,22.28,0.03,0.54,218.89,5,9,0,0
0,24.72,86.82,22.28,0.03,0.54,218.89,5,10,1,100
0,24.72,86.82,22.28,0.03,0.54,218.89,6,1,1,25
0,24.72,86.82,22.28,0.03,0.54,218.89,6,2,0,0
0,24.72,86.82,22.28,0.03,0.54,218.89,6,3,0,0
0,24.72,86.82,22.28,0.03,0.54,218.89,6,4,0,0
0,24.72,86.82,22.28,0.03,0.54,218.89,6,5,0,0
0,24.72,86.82,22.28,0.03,0.54,218.89,6,6,0,0
0,24.72,86.82,22.28,0.03,0.54,218.89,6,7,0,0
0,24.72,86.82,22.28,0.03,0.54,218.89,6,8,0,0
0,24.72,86.82,22.28,0.03,0.54,218.89,6,9,0,0
0,24.72,86.82,22.28,0.03,0.54,218.89,6,10,1,25
0,24.72,86.82,22.28,0.03,0.54,218.89,7,1,0,0
0,24.72,86.82,22.28,0.03,0.54,218.89,7,2,0,0
0,24.72,86.82,22.28,0.03,0.54,218.89,7,3,0,0
0,24.72,86.82,22.28,0.03,0.54,218.89,7,4,0,0
0,24.72,86.82,22.28,0.03,0.54,218.89,7,5,0,0
0,24.72,86.82,22.28,0.03,0.54,218.89,7,6,0,0
0,24.72,86.82,22.28,0.03,0.54,218.89,7,7,0,0
0,24.72,86.82,22.28,0.03,0.54,218.89,7,8,0,0
0,24.72,86.82,22.28,0.03,0.54,218.89,7,9,0,0
0,24.72,86.82,22.28,0.03,0.54,218.89,7,10,0,0
0,24.72,86.82,22.28,0.03,0.54,218.89,8,1,0,0
0,24.72,86.82,22.28,0.03,0.54,218.89,8,2,1,35
0,24.72,86.82,22.28,0.03,0.54,218.89,8,3,1,15
0,24.72,86.82,22.28,0.03,0.54,218.89,8,4,0,0
0,24.72,86.82,22.28,0.03,0.54,218.89,8,5,0,0
0,24.72,86.82,22.28,0.03,0.54,218.89,8,6,0,0
0,24.72,86.82,22.28,0.03,0.54,218.89,8,7,0,0
0,24.72,86.82,22.28,0.03,0.54,218.89,8,8,0,0
0,24.72,86.82,22.28,0.03,0.54,218.89,8,9,0,0
0,24.72,86.82,22.28,0.03,0.54,218.89,8,10,0,0
0,24.72,86.82,22.28,0.03,0.54,218.89,9,1,0,0
0,24.72,86.82,22.28,0.03,0.54,218.89,9,2,0,0
0,24.72,86.82,22.28,0.03,0.54,218.89,9,3,1,25
0,24.72,86.82,22.28,0.03,0.54,218.89,9,4,0,0
0,24.72,86.82,22.28,0.03,0.54,218.89,9,5,0,0
0,24.72,86.82,22.28,0.03,0.54,218.89,9,6,0,0
0,24.72,86.82,22.28,0.03,0.54,218.89,9,7,0,0
0,24.72,86.82,22.28,0.03,0.54,218.89,9,8,1,45
0,24.72,86.82,22.28,0.03,0.54,218.89,9,9,0,0
0,24.72,86.82,22.28,0.03,0.54,218.89,9,10,0,0
0,24.72,86.82,22.28,0.03,0.54,218.89,10,1,1,80
0,24.72,86.82,22.28,0.03,0.54,218.89,10,2,0,0
0,24.72,86.82,22.28,0.03,0.54,218.89,10,3,1,30
0,24.72,86.82,22.28,0.03,0.54,218.89,10,4,0,0
0,24.72,86.82,22.28,0.03,0.54,218.89,10,5,0,0
0,24.72,86.82,22.28,0.03,0.54,218.89,10,6,0,0
0,24.72,86.82,22.28,0.03,0.54,218.89,10,7,0,0
0,24.72,86.82,22.28,0.03,0.54,218.89,10,8,1,20
0,24.72,86.82,22.28,0.03,0.54,218.89,10,9,0,0
0,24.72,86.82,22.28,0.03,0.54,218.89,10,10,0,0
0,24.63,88.94,22.66,0.07,0.57,162.36,1,1,0,0
0,24.63,88.94,22.66,0.07,0.57,162.36,1,2,0,0
0,24.63,88.94,22.66,0.07,0.57,162.36,1,3,0,0
0,24.63,88.94,22.66,0.07,0.57,162.36,1,4,0,0
0,24.63,88.94,22.66,0.07,0.57,162.36,1,5,1,80
0,24.63,88.94,22.66,0.07,0.57,162.36,1,6,0,0
0,24.63,88.94,22.66,0.07,0.57,162.36,1,7,0,0
0,24.63,88.94,22.66,0.07,0.57,162.36,1,8,1,25
0,24.63,88.94,22.66,0.07,0.57,162.36,1,9,1,5
0,24.63,88.94,22.66,0.07,0.57,162.36,1,10,0,0
0,24.63,88.94,22.66,0.07,0.57,162.36,2,1,0,0
0,24.63,88.94,22.66,0.07,0.57,162.36,2,2,0,0
0,24.63,88.94,22.66,0.07,0.57,162.36,2,3,0,0
0,24.63,88.94,22.66,0.07,0.57,162.36,2,4,0,0
0,24.63,88.94,22.66,0.07,0.57,162.36,2,5,0,0
0,24.63,88.94,22.66,0.07,0.57,162.36,2,6,1,53
0,24.63,88.94,22.66,0.07,0.57,162.36,2,7,0,0
0,24.63,88.94,22.66,0.07,0.57,162.36,2,8,0,0
0,24.63,88.94,22.66,0.07,0.57,162.36,2,9,0,0
0,24.63,88.94,22.66,0.07,0.57,162.36,2,10,0,0
0,24.63,88.94,22.66,0.07,0.57,162.36,3,1,1,100
0,24.63,88.94,22.66,0.07,0.57,162.36,3,2,0,0
0,24.63,88.94,22.66,0.07,0.57,162.36,3,3,1,95
0,24.63,88.94,22.66,0.07,0.57,162.36,3,4,1,53
0,24.63,88.94,22.66,0.07,0.57,162.36,3,5,0,0
0,24.63,88.94,22.66,0.07,0.57,162.36,3,6,1,62
0,24.63,88.94,22.66,0.07,0.57,162.36,3,7,0,0
0,24.63,88.94,22.66,0.07,0.57,162.36,3,8,0,0
0,24.63,88.94,22.66,0.07,0.57,162.36,3,9,0,0
0,24.63,88.94,22.66,0.07,0.57,162.36,3,10,0,0
0,24.63,88.94,22.66,0.07,0.57,162.36,4,1,0,0
0,24.63,88.94,22.66,0.07,0.57,162.36,4,2,1,50
0,24.63,88.94,22.66,0.07,0.57,162.36,4,3,0,0
0,24.63,88.94,22.66,0.07,0.57,162.36,4,4,0,0
0,24.63,88.94,22.66,0.07,0.57,162.36,4,5,0,0
0,24.63,88.94,22.66,0.07,0.57,162.36,4,6,0,0
0,24.63,88.94,22.66,0.07,0.57,162.36,4,7,0,0
0,24.63,88.94,22.66,0.07,0.57,162.36,4,8,0,0
0,24.63,88.94,22.66,0.07,0.57,162.36,4,9,1,65
0,24.63,88.94,22.66,0.07,0.57,162.36,4,10,0,0
0,24.63,88.94,22.66,0.07,0.57,162.36,5,1,0,0
0,24.63,88.94,22.66,0.07,0.57,162.36,5,2,0,0
0,24.63,88.94,22.66,0.07,0.57,162.36,5,3,0,0
0,24.63,88.94,22.66,0.07,0.57,162.36,5,4,1,80
0,24.63,88.94,22.66,0.07,0.57,162.36,5,5,0,0
0,24.63,88.94,22.66,0.07,0.57,162.36,5,6,0,0
0,24.63,88.94,22.66,0.07,0.57,162.36,5,7,0,0
0,24.63,88.94,22.66,0.07,0.57,162.36,5,8,0,0
0,24.63,88.94,22.66,0.07,0.57,162.36,5,9,0,0
0,24.63,88.94,22.66,0.07,0.57,162.36,5,10,1,100
0,24.63,88.94,22.66,0.07,0.57,162.36,6,1,1,75
0,24.63,88.94,22.66,0.07,0.57,162.36,6,2,0,0
0,24.63,88.94,22.66,0.07,0.57,162.36,6,3,0,0
0,24.63,88.94,22.66,0.07,0.57,162.36,6,4,0,0
0,24.63,88.94,22.66,0.07,0.57,162.36,6,5,1,5
0,24.63,88.94,22.66,0.07,0.57,162.36,6,6,0,0
0,24.63,88.94,22.66,0.07,0.57,162.36,6,7,0,0
0,24.63,88.94,22.66,0.07,0.57,162.36,6,8,0,0
0,24.63,88.94,22.66,0.07,0.57,162.36,6,9,0,0
0,24.63,88.94,22.66,0.07,0.57,162.36,6,10,1,45
0,24.63,88.94,22.66,0.07,0.57,162.36,7,1,0,0
0,24.63,88.94,22.66,0.07,0.57,162.36,7,2,0,0
0,24.63,88.94,22.66,0.07,0.57,162.36,7,3,0,0
0,24.63,88.94,22.66,0.07,0.57,162.36,7,4,0,0
0,24.63,88.94,22.66,0.07,0.57,162.36,7,5,0,0
0,24.63,88.94,22.66,0.07,0.57,162.36,7,6,0,0
0,24.63,88.94,22.66,0.07,0.57,162.36,7,7,0,0
0,24.63,88.94,22.66,0.07,0.57,162.36,7,8,0,0
0,24.63,88.94,22.66,0.07,0.57,162.36,7,9,0,0
0,24.63,88.94,22.66,0.07,0.57,162.36,7,10,0,0
0,24.63,88.94,22.66,0.07,0.57,162.36,8,1,0,0
0,24.63,88.94,22.66,0.07,0.57,162.36,8,2,1,50
0,24.63,88.94,22.66,0.07,0.57,162.36,8,3,1,30
0,24.63,88.94,22.66,0.07,0.57,162.36,8,4,0,0
0,24.63,88.94,22.66,0.07,0.57,162.36,8,5,0,0
0,24.63,88.94,22.66,0.07,0.57,162.36,8,6,0,0
0,24.63,88.94,22.66,0.07,0.57,162.36,8,7,0,0
0,24.63,88.94,22.66,0.07,0.57,162.36,8,8,0,0
0,24.63,88.94,22.66,0.07,0.57,162.36,8,9,0,0
0,24.63,88.94,22.66,0.07,0.57,162.36,8,10,0,0
0,24.63,88.94,22.66,0.07,0.57,162.36,9,1,0,0
0,24.63,88.94,22.66,0.07,0.57,162.36,9,2,0,0
0,24.63,88.94,22.66,0.07,0.57,162.36,9,3,1,45
0,24.63,88.94,22.66,0.07,0.57,162.36,9,4,0,0
0,24.63,88.94,22.66,0.07,0.57,162.36,9,5,0,0
0,24.63,88.94,22.66,0.07,0.57,162.36,9,6,0,0
0,24.63,88.94,22.66,0.07,0.57,162.36,9,7,0,0
0,24.63,88.94,22.66,0.07,0.57,162.36,9,8,1,54
0,24.63,88.94,22.66,0.07,0.57,162.36,9,9,0,0
0,24.63,88.94,22.66,0.07,0.57,162.36,9,10,0,0
0,24.63,88.94,22.66,0.07,0.57,162.36,10,1,1,80
0,24.63,88.94,22.66,0.07,0.57,162.36,10,2,0,0
0,24.63,88.94,22.66,0.07,0.57,162.36,10,3,1,55
0,24.63,88.94,22.66,0.07,0.57,162.36,10,4,0,0
0,24.63,88.94,22.66,0.07,0.57,162.36,10,5,0,0
0,24.63,88.94,22.66,0.07,0.57,162.36,10,6,0,0
0,24.63,88.94,22.66,0.07,0.57,162.36,10,7,0,0
0,24.63,88.94,22.66,0.07,0.57,162.36,10,8,1,40
0,24.63,88.94,22.66,0.07,0.57,162.36,10,9,0,0
0,24.63,88.94,22.66,0.07,0.57,162.36,10,10,0,0
0,27.11,75.67,21.78,0.11,0.90,175.36,1,1,0,0
0,27.11,75.67,21.78,0.11,0.90,175.36,1,2,0,0
0,27.11,75.67,21.78,0.11,0.90,175.36,1,3,0,0
0,27.11,75.67,21.78,0.11,0.90,175.36,1,4,0,0
0,27.11,75.67,21.78,0.11,0.90,175.36,1,5,1,80
0,27.11,75.67,21.78,0.11,0.90,175.36,1,6,0,0
0,27.11,75.67,21.78,0.11,0.90,175.36,1,7,1,10
0,27.11,75.67,21.78,0.11,0.90,175.36,1,8,1,80
0,27.11,75.67,21.78,0.11,0.90,175.36,1,9,1,75
0,27.11,75.67,21.78,0.11,0.90,175.36,1,10,0,0
0,27.11,75.67,21.78,0.11,0.90,175.36,2,1,0,0
0,27.11,75.67,21.78,0.11,0.90,175.36,2,2,1,80
0,27.11,75.67,21.78,0.11,0.90,175.36,2,3,0,0
0,27.11,75.67,21.78,0.11,0.90,175.36,2,4,0,0
0,27.11,75.67,21.78,0.11,0.90,175.36,2,5,0,0
0,27.11,75.67,21.78,0.11,0.90,175.36,2,6,1,90
0,27.11,75.67,21.78,0.11,0.90,175.36,2,7,0,0
0,27.11,75.67,21.78,0.11,0.90,175.36,2,8,0,0
0,27.11,75.67,21.78,0.11,0.90,175.36,2,9,0,0
0,27.11,75.67,21.78,0.11,0.90,175.36,2,10,0,0
0,27.11,75.67,21.78,0.11,0.90,175.36,3,1,1,100
0,27.11,75.67,21.78,0.11,0.90,175.36,3,2,0,0
0,27.11,75.67,21.78,0.11,0.90,175.36,3,3,1,95
0,27.11,75.67,21.78,0.11,0.90,175.36,3,4,1,75
0,27.11,75.67,21.78,0.11,0.90,175.36,3,5,0,0
0,27.11,75.67,21.78,0.11,0.90,175.36,3,6,1,80
0,27.11,75.67,21.78,0.11,0.90,175.36,3,7,0,0
0,27.11,75.67,21.78,0.11,0.90,175.36,3,8,0,0
0,27.11,75.67,21.78,0.11,0.90,175.36,3,9,0,0
0,27.11,75.67,21.78,0.11,0.90,175.36,3,10,0,0
0,27.11,75.67,21.78,0.11,0.90,175.36,4,1,1,5
0,27.11,75.67,21.78,0.11,0.90,175.36,4,2,1,80
0,27.11,75.67,21.78,0.11,0.90,175.36,4,3,0,0
0,27.11,75.67,21.78,0.11,0.90,175.36,4,4,0,0
0,27.11,75.67,21.78,0.11,0.90,175.36,4,5,0,0
0,27.11,75.67,21.78,0.11,0.90,175.36,4,6,0,0
0,27.11,75.67,21.78,0.11,0.90,175.36,4,7,0,0
0,27.11,75.67,21.78,0.11,0.90,175.36,4,8,0,0
0,27.11,75.67,21.78,0.11,0.90,175.36,4,9,1,90
0,27.11,75.67,21.78,0.11,0.90,175.36,4,10,0,0
0,27.11,75.67,21.78,0.11,0.90,175.36,5,1,0,0
0,27.11,75.67,21.78,0.11,0.90,175.36,5,2,1,80
0,27.11,75.67,21.78,0.11,0.90,175.36,5,3,1,85
0,27.11,75.67,21.78,0.11,0.90,175.36,5,4,1,80
0,27.11,75.67,21.78,0.11,0.90,175.36,5,5,0,0
0,27.11,75.67,21.78,0.11,0.90,175.36,5,6,0,0
0,27.11,75.67,21.78,0.11,0.90,175.36,5,7,0,0
0,27.11,75.67,21.78,0.11,0.90,175.36,5,8,0,0
0,27.11,75.67,21.78,0.11,0.90,175.36,5,9,0,0
0,27.11,75.67,21.78,0.11,0.90,175.36,5,10,1,100
0,27.11,75.67,21.78,0.11,0.90,175.36,6,1,1,100
0,27.11,75.67,21.78,0.11,0.90,175.36,6,2,1,80
0,27.11,75.67,21.78,0.11,0.90,175.36,6,3,1,75
0,27.11,75.67,21.78,0.11,0.90,175.36,6,4,0,0
0,27.11,75.67,21.78,0.11,0.90,175.36,6,5,1,100
0,27.11,75.67,21.78,0.11,0.90,175.36,6,6,0,0
0,27.11,75.67,21.78,0.11,0.90,175.36,6,7,1,75
0,27.11,75.67,21.78,0.11,0.90,175.36,6,8,0,0
0,27.11,75.67,21.78,0.11,0.90,175.36,6,9,0,0
0,27.11,75.67,21.78,0.11,0.90,175.36,6,10,1,80
0,27.11,75.67,21.78,0.11,0.90,175.36,7,1,0,0
0,27.11,75.67,21.78,0.11,0.90,175.36,7,2,0,0
0,27.11,75.67,21.78,0.11,0.90,175.36,7,3,0,0
0,27.11,75.67,21.78,0.11,0.90,175.36,7,4,0,0
0,27.11,75.67,21.78,0.11,0.90,175.36,7,5,0,0
0,27.11,75.67,21.78,0.11,0.90,175.36,7,6,0,0
0,27.11,75.67,21.78,0.11,0.90,175.36,7,7,0,0
0,27.11,75.67,21.78,0.11,0.90,175.36,7,8,0,0
0,27.11,75.67,21.78,0.11,0.90,175.36,7,9,0,0
0,27.11,75.67,21.78,0.11,0.90,175.36,7,10,0,0
0,27.11,75.67,21.78,0.11,0.90,175.36,8,1,1,100
0,27.11,75.67,21.78,0.11,0.90,175.36,8,2,1,80
0,27.11,75.67,21.78,0.11,0.90,175.36,8,3,1,75
0,27.11,75.67,21.78,0.11,0.90,175.36,8,4,0,0
0,27.11,75.67,21.78,0.11,0.90,175.36,8,5,0,0
0,27.11,75.67,21.78,0.11,0.90,175.36,8,6,0,0
0,27.11,75.67,21.78,0.11,0.90,175.36,8,7,0,0
0,27.11,75.67,21.78,0.11,0.90,175.36,8,8,0,0
0,27.11,75.67,21.78,0.11,0.90,175.36,8,9,0,0
0,27.11,75.67,21.78,0.11,0.90,175.36,8,10,0,0
0,27.11,75.67,21.78,0.11,0.90,175.36,9,1,0,0
0,27.11,75.67,21.78,0.11,0.90,175.36,9,2,1,75
0,27.11,75.67,21.78,0.11,0.90,175.36,9,3,1,80
0,27.11,75.67,21.78,0.11,0.90,175.36,9,4,0,0
0,27.11,75.67,21.78,0.11,0.90,175.36,9,5,0,0
0,27.11,75.67,21.78,0.11,0.90,175.36,9,6,0,0
0,27.11,75.67,21.78,0.11,0.90,175.36,9,7,1,5
0,27.11,75.67,21.78,0.11,0.90,175.36,9,8,1,90
0,27.11,75.67,21.78,0.11,0.90,175.36,9,9,0,0
0,27.11,75.67,21.78,0.11,0.90,175.36,9,10,0,0
0,27.11,75.67,21.78,0.11,0.90,175.36,10,1,1,80
0,27.11,75.67,21.78,0.11,0.90,175.36,10,2,0,0
0,27.11,75.67,21.78,0.11,0.90,175.36,10,3,1,95
0,27.11,75.67,21.78,0.11,0.90,175.36,10,4,0,0
0,27.11,75.67,21.78,0.11,0.90,175.36,10,5,0,0
0,27.11,75.67,21.78,0.11,0.90,175.36,10,6,0,0
0,27.11,75.67,21.78,0.11,0.90,175.36,10,7,0,0
0,27.11,75.67,21.78,0.11,0.90,175.36,10,8,1,95
0,27.11,75.67,21.78,0.11,0.90,175.36,10,9,0,0
0,27.11,75.67,21.78,0.11,0.90,175.36,10,10,0,0
